config,seeds,n_seeds,model,WMAPE_mean,WMAPE_std,WMAPE_median,RMSE_mean,RMSE_std,RMSE_median,MAE_mean,MAE_std,MAE_median
ai23_only_fastbaselines,42,1,HistAvg,1.0822,0.3778,0.9636,554.0392,178.5066,512.677,316.0504,71.1167,285.229
ai23_only_fastbaselines,42,1,MLR,0.812,0.0303,0.8106,557.8936,184.1717,538.764,263.4091,106.9826,239.04
ai23_only_fastbaselines,42,1,RF,0.8128,0.0258,0.8088,561.9552,193.3304,543.913,264.6997,110.6264,237.673
ai23_only_fastbaselines,42,1,XGBoost,0.8207,0.033,0.811,561.264,192.6897,547.906,266.6676,109.8316,238.826
ai23_osm_sc,42,1,HistAvg,1.0822,0.3778,0.9636,554.0392,178.5066,512.677,316.0504,71.1167,285.229
ai23_osm_sc,42,1,MLR,0.6404,0.0567,0.6485,452.092,155.4564,425.149,205.4534,79.1282,189.529
ai23_osm_sc,42,1,RF,0.6428,0.0547,0.6545,466.8712,161.065,438.249,205.8846,77.6608,187.228
ai23_osm_sc,42,1,XGBoost,0.6437,0.068,0.642,455.6411,158.1134,441.689,205.7638,78.082,183.374
ai23_osm_sc,42,1,MLP,0.6311,0.0563,0.6386,440.3491,151.7738,419.062,201.9388,76.3417,187.158
ai23_osm_sc,42,1,GATv2,0.7187,0.0439,0.7159,507.8389,186.956,496.542,233.293,98.2656,212.07
ai23_sc,42,1,HistAvg,1.0822,0.3778,0.9636,554.0392,178.5066,512.677,316.0504,71.1167,285.229
ai23_sc,42,1,IDW,0.8487,0.0396,0.8542,568.8428,191.4246,569.887,275.1282,112.0893,243.79
ai23_sc,42,1,MLR,0.642,0.0557,0.6427,449.8165,151.286,426.025,206.0442,79.8916,187.84
ai23_sc,42,1,RF,0.6452,0.0582,0.6554,465.2284,155.4349,448.375,206.2316,76.6688,186.267
ai23_sc,42,1,XGBoost,0.6584,0.0862,0.6571,460.3771,156.1343,442.136,209.6112,78.3453,193.917
ai23_sc,42,1,MLP,0.6365,0.056,0.6487,446.5814,150.6638,426.644,203.5643,76.8874,185.34
ai23_sc,42,1,GATv2,0.7262,0.0521,0.7317,510.2774,167.9573,497.977,233.7831,90.8582,207.099
osm_only,42,1,HistAvg,1.0822,0.3778,0.9636,554.0392,178.5066,512.677,316.0504,71.1167,285.229
osm_only,42,1,RF,0.8062,0.0336,0.8059,553.438,196.6946,530.093,262.8635,112.0129,234.66
osm_only,42,1,MLP,0.8058,0.0301,0.803,556.8851,191.824,524.203,261.8646,108.2621,235.193
osm_only,42,1,GATv2,0.8259,0.0287,0.8239,573.8317,197.016,560.211,269.6667,114.23,238.956
osm_only_fastbaselines,42,1,HistAvg,1.0822,0.3778,0.9636,554.0392,178.5066,512.677,316.0504,71.1167,285.229
osm_only_fastbaselines,42,1,MLR,0.8078,0.0329,0.813,554.9293,192.4391,522.731,262.3527,108.1585,239.509
osm_only_fastbaselines,42,1,RF,0.8064,0.034,0.8079,552.8485,197.1696,530.96,262.9979,112.4209,234.468
osm_only_fastbaselines,42,1,XGBoost,0.8084,0.0415,0.8026,549.6825,195.8068,522.489,263.4746,112.7519,234.739
osm_sc,42,1,HistAvg,1.0822,0.3778,0.9636,554.0392,178.5066,512.677,316.0504,71.1167,285.229
osm_sc,42,1,MLR,0.6459,0.0581,0.6578,453.2393,157.1645,429.507,207.0247,79.5027,191.46
osm_sc,42,1,RF,0.6353,0.0544,0.6435,458.0893,159.4193,444.077,203.5099,76.7707,186.537
osm_sc,42,1,XGBoost,0.6508,0.0881,0.6423,457.6963,158.8356,438.978,207.0169,77.3479,191.873
osm_sc,42,1,MLP,0.6356,0.0589,0.6494,442.8574,153.7426,432.551,203.2282,76.7996,190.258
osm_sc,42,1,GATv2,0.7325,0.0445,0.7386,521.3365,188.5401,495.453,238.6589,102.5009,206.909
pca_ai23_osm_sc,42,1,HistAvg,1.0822,0.3778,0.9636,554.0392,178.5066,512.677,316.0504,71.1167,285.229
pca_ai23_osm_sc,42,1,IDW,0.8487,0.0396,0.8542,568.8428,191.4246,569.887,275.1282,112.0893,243.79
pca_ai23_osm_sc,42,1,MLR,0.6401,0.0568,0.6509,451.5193,155.0956,424.5,205.3869,79.2539,190.272
pca_ai23_osm_sc,42,1,RF,0.64,0.0532,0.6499,464.9367,161.7113,438.019,205.2648,78.1559,187.525
pca_ai23_osm_sc,42,1,XGBoost,0.6474,0.0689,0.6454,457.8775,153.9759,432.993,206.2935,76.0424,189.002
pca_ai23_osm_sc,42,1,MLP,0.6299,0.0565,0.6372,440.1512,152.7659,420.925,201.6916,76.7329,188.784
pca_ai23_osm_sc,42,1,GATv2,0.7171,0.0517,0.7119,509.4207,184.6023,492.371,231.7803,93.5462,204.557
tuned,42,1,HistAvg,1.0822,0.3778,0.9636,554.0392,178.5066,512.677,316.0504,71.1167,285.229
tuned,42,1,MLR-tuned,0.6401,0.0567,0.6476,452.3135,155.4298,424.399,205.3469,79.021,189.584
tuned,42,1,RF-tuned,0.6339,0.0554,0.6466,449.8852,150.6688,427.165,202.8377,76.2561,181.607
tuned,42,1,XGBoost-tuned,0.6497,0.0583,0.6605,467.329,162.5318,442.348,208.3479,80.3155,190.465
tuned,42,1,MLP,0.6311,0.0563,0.6386,440.3491,151.7738,419.062,201.9388,76.3417,187.158
tuned,42,1,GATv2,0.7187,0.0439,0.7159,507.8389,186.956,496.542,233.293,98.2656,212.07
vc_ai23_osm,42,1,GATv2,0.3214,0.0768,0.3048,0.1178,0.0212,0.1147,0.0925,0.0192,0.0904
vc_ai23_osm,42,1,HistAvg,0.2977,0.0499,0.2989,0.1104,0.0138,0.1107,0.0859,0.013,0.0885
vc_ai23_osm,42,1,MLP,0.2894,0.044,0.2815,0.1076,0.0136,0.1073,0.0836,0.0122,0.0865
vc_ai23_osm,42,1,RF,0.2893,0.0479,0.2855,0.1078,0.0143,0.1069,0.0835,0.013,0.0834
zheng_fusion,42,1,HistAvg,1.0822,0.3778,0.9636,554.0392,178.5066,512.677,316.0504,71.1167,285.229
zheng_fusion,42,1,MLR,0.6404,0.0567,0.6485,452.092,155.4564,425.149,205.4534,79.1282,189.529
zheng_fusion,42,1,RF,0.6428,0.0547,0.6545,466.8712,161.065,438.249,205.8846,77.6608,187.228
zheng_fusion,42,1,XGBoost,0.6437,0.068,0.642,455.6411,158.1134,441.689,205.7638,78.082,183.374
zheng_fusion,42,1,MLP,0.6311,0.0563,0.6386,440.3491,151.7738,419.062,201.9388,76.3417,187.158
zheng_fusion,42,1,GATv2,0.7187,0.0439,0.7159,507.8389,186.956,496.542,233.293,98.2656,212.07
zheng_fusion,42,1,GATv2-Fusion,0.707,0.05,0.702,495.356,164.4187,467.287,227.3123,85.7271,208.927
