borough,STOPCODE,alpha
Barking and Dagenham,1029,0.5363088
Barking and Dagenham,1216,0.574807
Barking and Dagenham,1217,0.5822238
Barking and Dagenham,14100,0.5884635
Barking and Dagenham,14119,0.44981453
Barking and Dagenham,14677,0.36626035
Barking and Dagenham,14693,0.4939473
Barking and Dagenham,14694,0.4627454
Barking and Dagenham,14718,0.46709314
Barking and Dagenham,14951,0.6214717
Barking and Dagenham,14952,0.5756503
Barking and Dagenham,14953,0.5897157
Barking and Dagenham,14954,0.5823141
Barking and Dagenham,15003,0.5379684
Barking and Dagenham,15004,0.5345671
Barking and Dagenham,15445,0.54644984
Barking and Dagenham,15447,0.5124148
Barking and Dagenham,15448,0.50189924
Barking and Dagenham,15449,0.51211035
Barking and Dagenham,15450,0.4868321
Barking and Dagenham,15451,0.49946472
Barking and Dagenham,15452,0.5644255
Barking and Dagenham,15453,0.5957893
Barking and Dagenham,15454,0.61743015
Barking and Dagenham,15455,0.61127084
Barking and Dagenham,15456,0.65971756
Barking and Dagenham,15457,0.6470358
Barking and Dagenham,15458,0.560818
Barking and Dagenham,15459,0.5671358
Barking and Dagenham,15460,0.5447121
Barking and Dagenham,15461,0.5593423
Barking and Dagenham,15462,0.5264278
Barking and Dagenham,15463,0.5264125
Barking and Dagenham,15464,0.5457893
Barking and Dagenham,15465,0.5316793
Barking and Dagenham,15466,0.57886755
Barking and Dagenham,15467,0.579206
Barking and Dagenham,15468,0.435292
Barking and Dagenham,15469,0.47197536
Barking and Dagenham,15470,0.45125797
Barking and Dagenham,15477,0.5627346
Barking and Dagenham,15478,0.58569515
Barking and Dagenham,15479,0.6495758
Barking and Dagenham,15480,0.6504396
Barking and Dagenham,15481,0.4617153
Barking and Dagenham,15482,0.44026998
Barking and Dagenham,15504,0.42639038
Barking and Dagenham,15505,0.5023749
Barking and Dagenham,15506,0.51796263
Barking and Dagenham,15508,0.59854925
Barking and Dagenham,15513,0.58704364
Barking and Dagenham,15514,0.57763904
Barking and Dagenham,15515,0.59393847
Barking and Dagenham,15517,0.5681061
Barking and Dagenham,15518,0.52642447
Barking and Dagenham,15519,0.5600384
Barking and Dagenham,15520,0.5627751
Barking and Dagenham,15522,0.5340239
Barking and Dagenham,15586,0.48610297
Barking and Dagenham,16480,0.6268482
Barking and Dagenham,16481,0.5163142
Barking and Dagenham,16484,0.4182033
Barking and Dagenham,16485,0.48559612
Barking and Dagenham,1676,0.47091222
Barking and Dagenham,1677,0.4705023
Barking and Dagenham,16970,0.45592886
Barking and Dagenham,1709,0.42233846
Barking and Dagenham,1710,0.45249644
Barking and Dagenham,1711,0.41528872
Barking and Dagenham,18025,0.4254828
Barking and Dagenham,18026,0.40755093
Barking and Dagenham,18296,0.56853294
Barking and Dagenham,18297,0.5742297
Barking and Dagenham,18298,0.4735231
Barking and Dagenham,18299,0.47109312
Barking and Dagenham,1830,0.53763634
Barking and Dagenham,18301,0.47071648
Barking and Dagenham,18304,0.42706516
Barking and Dagenham,18305,0.42807347
Barking and Dagenham,18306,0.40746155
Barking and Dagenham,18307,0.4083594
Barking and Dagenham,18308,0.4463942
Barking and Dagenham,18309,0.45530224
Barking and Dagenham,1831,0.515792
Barking and Dagenham,18310,0.44202906
Barking and Dagenham,18311,0.44488975
Barking and Dagenham,18312,0.48059264
Barking and Dagenham,18313,0.44433063
Barking and Dagenham,18314,0.54039997
Barking and Dagenham,18340,0.5573386
Barking and Dagenham,18341,0.53670186
Barking and Dagenham,18342,0.55737925
Barking and Dagenham,18343,0.59070975
Barking and Dagenham,18344,0.5812011
Barking and Dagenham,18345,0.55229133
Barking and Dagenham,18346,0.54130256
Barking and Dagenham,18391,0.55890816
Barking and Dagenham,18392,0.5267965
Barking and Dagenham,18393,0.47520006
Barking and Dagenham,18394,0.48346204
Barking and Dagenham,18800,0.4587178
Barking and Dagenham,1904,0.4657385
Barking and Dagenham,19041,0.580284
Barking and Dagenham,19042,0.5763608
Barking and Dagenham,19296,0.48416746
Barking and Dagenham,19297,0.5136032
Barking and Dagenham,19298,0.5136498
Barking and Dagenham,19299,0.46198717
Barking and Dagenham,19300,0.52082705
Barking and Dagenham,19301,0.5215048
Barking and Dagenham,19302,0.5267139
Barking and Dagenham,19303,0.56898755
Barking and Dagenham,19304,0.5699282
Barking and Dagenham,19305,0.51165044
Barking and Dagenham,19306,0.51390505
Barking and Dagenham,19307,0.51250106
Barking and Dagenham,19308,0.5060753
Barking and Dagenham,19309,0.5232509
Barking and Dagenham,19310,0.55719435
Barking and Dagenham,19311,0.54890573
Barking and Dagenham,19312,0.5489625
Barking and Dagenham,19313,0.3871247
Barking and Dagenham,19315,0.44887546
Barking and Dagenham,19316,0.43684137
Barking and Dagenham,20339,0.6089222
Barking and Dagenham,20392,0.54148525
Barking and Dagenham,20499,0.50993246
Barking and Dagenham,20500,0.47613546
Barking and Dagenham,20521,0.46210995
Barking and Dagenham,20540,0.4655152
Barking and Dagenham,20541,0.45871297
Barking and Dagenham,20693,0.4587277
Barking and Dagenham,20694,0.48328167
Barking and Dagenham,20697,0.512616
Barking and Dagenham,20811,0.6294623
Barking and Dagenham,20822,0.45474675
Barking and Dagenham,20880,0.56181896
Barking and Dagenham,20881,0.53151566
Barking and Dagenham,20971,0.6104882
Barking and Dagenham,20988,0.58899
Barking and Dagenham,2288,0.4097367
Barking and Dagenham,2290,0.4377985
Barking and Dagenham,23397,0.5518761
Barking and Dagenham,25125,0.43902275
Barking and Dagenham,25377,0.5598778
Barking and Dagenham,25378,0.55910873
Barking and Dagenham,25379,0.56619
Barking and Dagenham,25380,0.565069
Barking and Dagenham,25381,0.5985291
Barking and Dagenham,25382,0.6531649
Barking and Dagenham,25383,0.593749
Barking and Dagenham,25384,0.56723094
Barking and Dagenham,25385,0.5637658
Barking and Dagenham,25386,0.5370263
Barking and Dagenham,25387,0.5213985
Barking and Dagenham,25388,0.4942601
Barking and Dagenham,25389,0.58130175
Barking and Dagenham,25390,0.5389104
Barking and Dagenham,25391,0.4827499
Barking and Dagenham,25392,0.4912406
Barking and Dagenham,25393,0.46322295
Barking and Dagenham,25394,0.46982402
Barking and Dagenham,25395,0.4885864
Barking and Dagenham,25396,0.50627977
Barking and Dagenham,25399,0.5865221
Barking and Dagenham,26367,0.54623514
Barking and Dagenham,26887,0.5040182
Barking and Dagenham,26888,0.500499
Barking and Dagenham,27451,0.40330094
Barking and Dagenham,27870,0.51287585
Barking and Dagenham,27950,0.44657543
Barking and Dagenham,2838,0.44568053
Barking and Dagenham,29141,0.47613624
Barking and Dagenham,29142,0.44389886
Barking and Dagenham,29143,0.5192877
Barking and Dagenham,29144,0.5033397
Barking and Dagenham,29234,0.47520578
Barking and Dagenham,29235,0.48293957
Barking and Dagenham,29236,0.46690813
Barking and Dagenham,29237,0.5970771
Barking and Dagenham,29238,0.60169905
Barking and Dagenham,29239,0.4447886
Barking and Dagenham,29240,0.44022864
Barking and Dagenham,29241,0.4334177
Barking and Dagenham,29256,0.5359992
Barking and Dagenham,29257,0.5416809
Barking and Dagenham,29258,0.5409799
Barking and Dagenham,29259,0.49987873
Barking and Dagenham,29260,0.49519965
Barking and Dagenham,29261,0.48170575
Barking and Dagenham,29262,0.4787417
Barking and Dagenham,29413,0.61665756
Barking and Dagenham,29414,0.6120316
Barking and Dagenham,29415,0.64242196
Barking and Dagenham,29416,0.6410118
Barking and Dagenham,29417,0.5686431
Barking and Dagenham,29418,0.5680622
Barking and Dagenham,29419,0.6256311
Barking and Dagenham,29420,0.61465997
Barking and Dagenham,29422,0.5622558
Barking and Dagenham,29423,0.57729214
Barking and Dagenham,29424,0.5554081
Barking and Dagenham,29425,0.55060714
Barking and Dagenham,29510,0.56993663
Barking and Dagenham,29511,0.5468876
Barking and Dagenham,29512,0.55074036
Barking and Dagenham,29513,0.5674258
Barking and Dagenham,29514,0.5951974
Barking and Dagenham,29516,0.53226656
Barking and Dagenham,29517,0.5095829
Barking and Dagenham,29518,0.515853
Barking and Dagenham,29542,0.53689635
Barking and Dagenham,29747,0.47098944
Barking and Dagenham,29749,0.48644868
Barking and Dagenham,29750,0.48610732
Barking and Dagenham,29751,0.6005104
Barking and Dagenham,29752,0.5966232
Barking and Dagenham,29754,0.542452
Barking and Dagenham,29776,0.35951692
Barking and Dagenham,29836,0.47074342
Barking and Dagenham,29973,0.5331855
Barking and Dagenham,3319,0.4532381
Barking and Dagenham,3320,0.45336574
Barking and Dagenham,3321,0.49015737
Barking and Dagenham,3322,0.48493895
Barking and Dagenham,33514,0.40554687
Barking and Dagenham,33515,0.3930866
Barking and Dagenham,33722,0.58966154
Barking and Dagenham,33954,0.40293583
Barking and Dagenham,33956,0.43616694
Barking and Dagenham,34726,0.5329625
Barking and Dagenham,34865,0.59658825
Barking and Dagenham,34866,0.58919805
Barking and Dagenham,34884,0.4787135
Barking and Dagenham,34996,0.56743866
Barking and Dagenham,34998,0.55369043
Barking and Dagenham,36559,0.5505652
Barking and Dagenham,36651,0.53765637
Barking and Dagenham,37184,0.36872134
Barking and Dagenham,37185,0.43563375
Barking and Dagenham,37186,0.45168898
Barking and Dagenham,37187,0.46759918
Barking and Dagenham,37188,0.387741
Barking and Dagenham,37189,0.43080667
Barking and Dagenham,37196,0.41134733
Barking and Dagenham,3816,0.5675583
Barking and Dagenham,4282,0.577596
Barking and Dagenham,4283,0.5696879
Barking and Dagenham,4284,0.5091734
Barking and Dagenham,4285,0.5125017
Barking and Dagenham,4294,0.58437943
Barking and Dagenham,4295,0.5802554
Barking and Dagenham,4296,0.5040453
Barking and Dagenham,4298,0.38743454
Barking and Dagenham,4303,0.46971542
Barking and Dagenham,587,0.45639622
Barking and Dagenham,9544,0.36770335
Barking and Dagenham,9548,0.39281785
Barking and Dagenham,9645,0.37939066
Barking and Dagenham,9646,0.41840535
Barking and Dagenham,9820,0.57914215
Barking and Dagenham,9821,0.61050844
Barking and Dagenham,9822,0.6793198
Barking and Dagenham,9823,0.6737035
Barking and Dagenham,BP071,0.5436669
Barking and Dagenham,BP096,0.35883525
Barking and Dagenham,BP1105,0.49630004
Barking and Dagenham,BP1296,0.5162597
Barking and Dagenham,BP133,0.48617887
Barking and Dagenham,BP147,0.57985026
Barking and Dagenham,BP155,0.57843614
Barking and Dagenham,BP164,0.5445682
Barking and Dagenham,BP1750,0.42180386
Barking and Dagenham,BP181,0.57206845
Barking and Dagenham,BP1920,0.5597786
Barking and Dagenham,BP1991,0.49798352
Barking and Dagenham,BP2154,0.40843597
Barking and Dagenham,BP2155,0.3741828
Barking and Dagenham,BP222,0.5360151
Barking and Dagenham,BP227,0.55524987
Barking and Dagenham,BP230,0.4959769
Barking and Dagenham,BP2661,0.46202734
Barking and Dagenham,BP270,0.45365435
Barking and Dagenham,BP2818,0.45388278
Barking and Dagenham,BP3038,0.4548583
Barking and Dagenham,BP3039,0.46590975
Barking and Dagenham,BP3042,0.48077586
Barking and Dagenham,BP3472,0.49055976
Barking and Dagenham,BP4055,0.40302932
Barking and Dagenham,BP4056,0.45386454
Barking and Dagenham,BP433,0.40830347
Barking and Dagenham,BP4381,0.4797261
Barking and Dagenham,BP4382,0.48647824
Barking and Dagenham,BP4426,0.438266
Barking and Dagenham,BP4431,0.47435266
Barking and Dagenham,BP4609,0.50381494
Barking and Dagenham,BP5390,0.43535784
Barking and Dagenham,BP5397,0.50865847
Barking and Dagenham,BP5398,0.5051962
Barking and Dagenham,BP5400,0.5517945
Barking and Dagenham,BP5410,0.50993025
Barking and Dagenham,BP5411,0.51278013
Barking and Dagenham,BP5414,0.5188295
Barking and Dagenham,BP5415,0.49355403
Barking and Dagenham,BP5434,0.4826612
Barking and Dagenham,BP5546,0.53880644
Barking and Dagenham,BP5652,0.5390757
Barking and Dagenham,BP5653,0.53915054
Barking and Dagenham,BP5755,0.33249363
Barking and Dagenham,BP5799,0.5442397
Barking and Dagenham,BP6069,0.37366942
Barking and Dagenham,BP6070,0.43075967
Barking and Dagenham,BP6071,0.47579643
Barking and Dagenham,BP6072,0.51247936
Barking and Dagenham,BP6138,0.5545688
Barking and Dagenham,BP6283,0.51745903
Barking and Dagenham,BP6284,0.51095194
Barking and Dagenham,BP6285,0.5193957
Barking and Dagenham,HC220,0.41771987
Barking and Dagenham,HC221,0.44280222
Barking and Dagenham,HC222,0.40757826
Barking and Dagenham,HC223,0.42588335
Barking and Dagenham,HC224,0.40251726
Barking and Dagenham,HC225,0.41677144
Barking and Dagenham,HC294,0.5859935
Barking and Dagenham,HC295,0.54206824
Barking and Dagenham,HC296,0.56929576
Barking and Dagenham,LE134,0.45405245
Barking and Dagenham,LE171,0.35652336
Barking and Dagenham,LE195,0.44526735
Barking and Dagenham,LE217,0.5033464
Barking and Dagenham,LE218,0.4946451
Barking and Dagenham,LE222,0.49814144
Barking and Dagenham,LE223,0.5922915
Barking and Dagenham,LE224,0.5860004
Barking and Dagenham,OC628,0.542377
Barking and Dagenham,R0067,0.5561654
Barking and Dagenham,R0068,0.51858586
Barking and Dagenham,R0175,0.45599028
Barking and Dagenham,R0320,0.4760376
Barking and Dagenham,R0338,0.4847893
Barking and Dagenham,R0590,0.41909394
Barking and Dagenham,15585,0.47450328
Barking and Dagenham,29139,0.44814637
Barking and Dagenham,29140,0.40774152
Barking and Dagenham,29756,0.5402866
Barking and Dagenham,33951,0.38581035
Barking and Dagenham,33952,0.45351246
Barking and Dagenham,33955,0.43983376
Barking and Dagenham,34361,0.5469184
Barking and Dagenham,34843,0.49180076
Barking and Dagenham,35770,0.3997367
Barking and Dagenham,35771,0.35508657
Barking and Dagenham,4279,0.49716055
Barking and Dagenham,695,0.3668778
Barking and Dagenham,BP236,0.3788573
Barking and Dagenham,BP4052,0.39073628
Barking and Dagenham,BP4053,0.4032369
Barking and Dagenham,BP4054,0.4095464
Barking and Dagenham,BP4057,0.4071749
Barking and Dagenham,BP4191,0.39415482
Barking and Dagenham,BP4825,0.35509515
Barking and Dagenham,LE138,0.3592351
Barking and Dagenham,LE174,0.3601871
Barnet,1023,0.56967854
Barnet,10242,0.62532914
Barnet,11136,0.5389581
Barnet,11205,0.40656418
Barnet,11772,0.56345236
Barnet,11773,0.5741934
Barnet,1184,0.45599678
Barnet,11992,0.51211864
Barnet,12085,0.33765247
Barnet,12086,0.39718866
Barnet,12087,0.40232292
Barnet,12088,0.4184613
Barnet,12089,0.44976285
Barnet,12199,0.28234276
Barnet,12200,0.27594158
Barnet,12201,0.26299453
Barnet,12218,0.45314854
Barnet,12912,0.6282839
Barnet,12913,0.45363688
Barnet,12914,0.44899213
Barnet,1306,0.48929274
Barnet,1307,0.49277306
Barnet,1308,0.57096094
Barnet,1309,0.5857508
Barnet,1310,0.38847077
Barnet,1311,0.3871741
Barnet,1329,0.53756666
Barnet,1330,0.54173136
Barnet,1333,0.52539396
Barnet,1334,0.5274455
Barnet,13422,0.47918946
Barnet,13423,0.47430244
Barnet,13424,0.464439
Barnet,13425,0.46729028
Barnet,13507,0.48368272
Barnet,14130,0.35189056
Barnet,14131,0.542361
Barnet,14461,0.6583909
Barnet,14462,0.65938544
Barnet,14632,0.6399412
Barnet,14636,0.64569473
Barnet,1466,0.54112935
Barnet,14701,0.48050064
Barnet,14702,0.4416206
Barnet,14721,0.5008244
Barnet,14722,0.51038736
Barnet,14768,0.5305008
Barnet,14769,0.5285522
Barnet,14770,0.52780056
Barnet,14772,0.4084938
Barnet,14773,0.42537355
Barnet,14774,0.38504896
Barnet,14775,0.36577547
Barnet,14776,0.39082742
Barnet,14777,0.389478
Barnet,14778,0.5161792
Barnet,14779,0.4747285
Barnet,1478,0.43570277
Barnet,14869,0.6051566
Barnet,14870,0.55415946
Barnet,14888,0.553805
Barnet,14927,0.4535329
Barnet,15039,0.555227
Barnet,15092,0.52531856
Barnet,15093,0.5344697
Barnet,15094,0.48604804
Barnet,15095,0.45092228
Barnet,15096,0.42478946
Barnet,15097,0.42593858
Barnet,15098,0.43000606
Barnet,15099,0.4299203
Barnet,1516,0.5752669
Barnet,15417,0.42911777
Barnet,15418,0.4281431
Barnet,15419,0.49209538
Barnet,1542,0.46300456
Barnet,15420,0.49653092
Barnet,15421,0.61918384
Barnet,15422,0.6377231
Barnet,15424,0.6207862
Barnet,1543,0.47281286
Barnet,1555,0.49516007
Barnet,1556,0.5173116
Barnet,15606,0.43612877
Barnet,15607,0.40958875
Barnet,15608,0.42683405
Barnet,15609,0.42646122
Barnet,15610,0.36559498
Barnet,15611,0.38818076
Barnet,15612,0.3943457
Barnet,15613,0.41676316
Barnet,15615,0.5483384
Barnet,15620,0.51374054
Barnet,15621,0.5173824
Barnet,15626,0.35395467
Barnet,15627,0.35334808
Barnet,15628,0.3685928
Barnet,15629,0.36438462
Barnet,15630,0.362786
Barnet,15631,0.3708867
Barnet,15632,0.5195793
Barnet,15633,0.543594
Barnet,15634,0.5007332
Barnet,15636,0.49909422
Barnet,15638,0.5609346
Barnet,15639,0.48240626
Barnet,15640,0.501065
Barnet,15641,0.42002794
Barnet,15642,0.42008033
Barnet,15643,0.3779393
Barnet,15644,0.34281343
Barnet,15677,0.5293006
Barnet,15737,0.5200108
Barnet,15738,0.53200406
Barnet,15739,0.4558637
Barnet,15741,0.4743713
Barnet,15742,0.5178247
Barnet,15743,0.567892
Barnet,15744,0.53951824
Barnet,15745,0.6203294
Barnet,15746,0.5804871
Barnet,15749,0.51388323
Barnet,15750,0.5828039
Barnet,15751,0.4856478
Barnet,15752,0.48578998
Barnet,15753,0.36469626
Barnet,15754,0.34051442
Barnet,15755,0.43021578
Barnet,15756,0.38175008
Barnet,15757,0.3906971
Barnet,15758,0.39061207
Barnet,15759,0.5982631
Barnet,15760,0.5778263
Barnet,15912,0.6686774
Barnet,15913,0.6721666
Barnet,15914,0.62808466
Barnet,15915,0.6296654
Barnet,15916,0.57506937
Barnet,15917,0.5561509
Barnet,15918,0.5822065
Barnet,15919,0.5557498
Barnet,15920,0.5653116
Barnet,15921,0.49369308
Barnet,15922,0.47065425
Barnet,15923,0.47322822
Barnet,15924,0.46820474
Barnet,15925,0.49989387
Barnet,15926,0.4960136
Barnet,15927,0.5055025
Barnet,15928,0.49070105
Barnet,15929,0.5069136
Barnet,15930,0.5252678
Barnet,15932,0.5442878
Barnet,15933,0.5180087
Barnet,15934,0.50448287
Barnet,15951,0.54031515
Barnet,16028,0.6234137
Barnet,16029,0.6014451
Barnet,16067,0.4777361
Barnet,16068,0.49162856
Barnet,16069,0.4624919
Barnet,16070,0.4310364
Barnet,16071,0.43587252
Barnet,16072,0.48312637
Barnet,16073,0.4666902
Barnet,16074,0.60380584
Barnet,16104,0.37440708
Barnet,16105,0.36334896
Barnet,16108,0.44218218
Barnet,16109,0.43895507
Barnet,16110,0.438581
Barnet,16111,0.42680767
Barnet,16453,0.48624346
Barnet,16454,0.48656034
Barnet,16455,0.4815118
Barnet,16457,0.43956336
Barnet,16458,0.43981302
Barnet,16459,0.3838621
Barnet,16460,0.36119333
Barnet,16469,0.46916696
Barnet,16470,0.49833667
Barnet,16471,0.53277415
Barnet,16472,0.5314226
Barnet,16473,0.5349812
Barnet,16474,0.5909025
Barnet,16475,0.5858579
Barnet,16487,0.49198622
Barnet,16488,0.4882586
Barnet,16489,0.4670438
Barnet,16490,0.4229137
Barnet,16491,0.38409013
Barnet,16492,0.37761104
Barnet,16493,0.48322743
Barnet,16494,0.48333925
Barnet,16495,0.511577
Barnet,16496,0.5174209
Barnet,16497,0.5012137
Barnet,16498,0.49590793
Barnet,16500,0.5346216
Barnet,16501,0.52982867
Barnet,16503,0.46761948
Barnet,16504,0.5136415
Barnet,16505,0.45291826
Barnet,16506,0.46895915
Barnet,16507,0.424739
Barnet,16508,0.43404108
Barnet,16509,0.46176115
Barnet,16510,0.46130022
Barnet,16511,0.5304016
Barnet,16512,0.5494778
Barnet,16519,0.48976645
Barnet,16520,0.59967583
Barnet,16521,0.46772185
Barnet,16523,0.4340892
Barnet,16524,0.4904898
Barnet,16525,0.4726037
Barnet,16526,0.4822489
Barnet,16527,0.48107684
Barnet,16528,0.490004
Barnet,16529,0.3855039
Barnet,16530,0.4078
Barnet,16531,0.519192
Barnet,16532,0.45365083
Barnet,16533,0.43043652
Barnet,16536,0.41677678
Barnet,16537,0.42283183
Barnet,16538,0.57209957
Barnet,16539,0.54125434
Barnet,16540,0.5078849
Barnet,16571,0.3541912
Barnet,16572,0.35416204
Barnet,16973,0.39048693
Barnet,16975,0.27115723
Barnet,16990,0.46537966
Barnet,16991,0.3489662
Barnet,16992,0.45491588
Barnet,16993,0.33912
Barnet,16994,0.46872625
Barnet,16995,0.46889433
Barnet,16996,0.46080598
Barnet,17035,0.37235287
Barnet,17099,0.3482106
Barnet,17100,0.40799248
Barnet,17101,0.44343168
Barnet,17102,0.49244595
Barnet,17166,0.49390227
Barnet,17167,0.51575255
Barnet,17168,0.5136469
Barnet,17169,0.51675385
Barnet,17256,0.35858873
Barnet,17257,0.5854663
Barnet,17259,0.34272817
Barnet,17260,0.34436736
Barnet,17267,0.49444735
Barnet,17268,0.4816099
Barnet,17269,0.43974864
Barnet,17270,0.49326718
Barnet,17271,0.42248327
Barnet,17272,0.47817332
Barnet,17273,0.4839114
Barnet,1731,0.45603594
Barnet,17469,0.46815044
Barnet,17470,0.44929662
Barnet,17473,0.49526417
Barnet,17580,0.56156886
Barnet,17718,0.57732207
Barnet,17719,0.6275996
Barnet,17768,0.41777244
Barnet,17770,0.50556284
Barnet,17771,0.4899062
Barnet,18099,0.34118053
Barnet,18100,0.34219953
Barnet,18102,0.43007413
Barnet,18104,0.26302466
Barnet,18105,0.2602889
Barnet,18106,0.2612902
Barnet,18107,0.29368186
Barnet,18108,0.27280328
Barnet,18109,0.30484307
Barnet,18110,0.30352566
Barnet,18111,0.28498998
Barnet,18112,0.48029304
Barnet,18113,0.4638227
Barnet,18114,0.4431055
Barnet,18115,0.4664489
Barnet,18116,0.46671233
Barnet,18117,0.45026886
Barnet,18118,0.43183836
Barnet,18119,0.46383253
Barnet,18120,0.44417697
Barnet,18121,0.45764413
Barnet,18122,0.47254068
Barnet,18729,0.5001579
Barnet,18730,0.48370814
Barnet,18912,0.6616076
Barnet,19142,0.4987184
Barnet,19143,0.41657466
Barnet,19144,0.46310133
Barnet,19145,0.38943893
Barnet,19146,0.3871931
Barnet,19147,0.3947384
Barnet,19148,0.39458534
Barnet,19149,0.3735319
Barnet,19150,0.3803076
Barnet,19151,0.36666605
Barnet,19152,0.36677969
Barnet,19153,0.37369573
Barnet,19154,0.37399328
Barnet,19155,0.3622695
Barnet,19156,0.3793719
Barnet,19159,0.3812991
Barnet,19160,0.3896594
Barnet,19163,0.3581284
Barnet,19164,0.35834455
Barnet,19165,0.3630582
Barnet,19166,0.36456168
Barnet,19167,0.38320446
Barnet,19168,0.38128927
Barnet,19169,0.41171643
Barnet,19170,0.41483846
Barnet,19171,0.48781595
Barnet,19172,0.48794147
Barnet,19173,0.5080569
Barnet,19174,0.5085463
Barnet,19175,0.5521992
Barnet,19176,0.5524741
Barnet,19215,0.28423208
Barnet,19216,0.28453204
Barnet,19264,0.46414635
Barnet,19541,0.47388393
Barnet,19606,0.51080155
Barnet,19607,0.46755156
Barnet,19608,0.45797724
Barnet,19609,0.5721987
Barnet,19610,0.5652497
Barnet,19611,0.40407944
Barnet,19612,0.4115205
Barnet,19613,0.44713107
Barnet,19614,0.44301984
Barnet,19615,0.48651487
Barnet,19616,0.4876745
Barnet,20145,0.56670964
Barnet,20146,0.5612638
Barnet,20282,0.562585
Barnet,20313,0.5620006
Barnet,20363,0.3194205
Barnet,20364,0.32036158
Barnet,20424,0.457418
Barnet,20498,0.4328611
Barnet,2071,0.45808208
Barnet,2072,0.4749051
Barnet,20800,0.48455817
Barnet,20857,0.50024426
Barnet,20858,0.5433349
Barnet,20859,0.53823185
Barnet,20860,0.53659636
Barnet,20861,0.38137978
Barnet,20862,0.3814114
Barnet,20863,0.42126018
Barnet,20864,0.38417992
Barnet,20865,0.40636787
Barnet,20866,0.41181806
Barnet,20909,0.37536502
Barnet,20910,0.38631296
Barnet,20928,0.5273681
Barnet,20929,0.52727324
Barnet,2294,0.48596606
Barnet,2295,0.4796949
Barnet,2297,0.52739275
Barnet,2298,0.49696404
Barnet,2299,0.5018777
Barnet,23435,0.46400586
Barnet,25027,0.5399745
Barnet,25042,0.48743704
Barnet,25043,0.52417433
Barnet,25044,0.43071097
Barnet,25045,0.4187113
Barnet,25046,0.4652947
Barnet,25048,0.47681603
Barnet,25072,0.48564556
Barnet,25080,0.49028593
Barnet,25102,0.4951921
Barnet,25118,0.5916298
Barnet,25841,0.42109558
Barnet,25842,0.42774442
Barnet,25964,0.4245344
Barnet,25965,0.4555604
Barnet,25966,0.3938453
Barnet,25967,0.4067905
Barnet,25968,0.37271222
Barnet,25975,0.5601904
Barnet,26154,0.45435512
Barnet,26155,0.4616016
Barnet,26156,0.37359586
Barnet,26157,0.36224264
Barnet,26158,0.39098135
Barnet,26159,0.3837567
Barnet,26160,0.41078505
Barnet,26161,0.40399367
Barnet,26163,0.44074768
Barnet,26165,0.39806873
Barnet,26166,0.39303875
Barnet,26167,0.44335875
Barnet,26168,0.40649125
Barnet,26169,0.34027305
Barnet,26170,0.34629938
Barnet,26171,0.35909134
Barnet,26172,0.3591852
Barnet,26173,0.3363511
Barnet,26174,0.33625215
Barnet,26196,0.45913935
Barnet,26200,0.5265496
Barnet,26202,0.5610092
Barnet,26484,0.45138434
Barnet,2664,0.5436236
Barnet,26884,0.49190542
Barnet,26886,0.4540804
Barnet,26985,0.5002878
Barnet,26986,0.51326
Barnet,27454,0.640514
Barnet,27455,0.56067485
Barnet,27459,0.52594566
Barnet,27476,0.64431703
Barnet,27477,0.6405156
Barnet,27559,0.5571434
Barnet,27562,0.42485857
Barnet,27563,0.5695397
Barnet,2758,0.48446107
Barnet,2759,0.54594344
Barnet,27596,0.3638815
Barnet,27597,0.2741564
Barnet,27598,0.38730735
Barnet,27599,0.38577506
Barnet,2760,0.55930966
Barnet,2761,0.51501447
Barnet,27625,0.50934553
Barnet,2763,0.53822666
Barnet,2764,0.5329711
Barnet,2765,0.5185073
Barnet,2766,0.46495447
Barnet,2767,0.50021505
Barnet,2768,0.5400945
Barnet,2770,0.62836134
Barnet,2771,0.6621571
Barnet,2773,0.5163325
Barnet,2774,0.50064325
Barnet,2775,0.62931174
Barnet,2776,0.6259525
Barnet,27781,0.44279623
Barnet,27787,0.5950641
Barnet,27880,0.5522731
Barnet,27912,0.5369273
Barnet,2795,0.505131
Barnet,2796,0.5269136
Barnet,27971,0.55184877
Barnet,2799,0.4893476
Barnet,2800,0.5471922
Barnet,2801,0.6330822
Barnet,28900,0.5609673
Barnet,29171,0.3964226
Barnet,29295,0.3400666
Barnet,29581,0.5212579
Barnet,29600,0.557333
Barnet,29699,0.6164595
Barnet,2970,0.5955548
Barnet,29701,0.54841745
Barnet,29704,0.4780508
Barnet,29705,0.44679594
Barnet,29706,0.44669628
Barnet,29707,0.4241061
Barnet,29708,0.4453894
Barnet,29709,0.4712247
Barnet,2971,0.553221
Barnet,29710,0.4483881
Barnet,29711,0.4527891
Barnet,29712,0.39984876
Barnet,29713,0.44782254
Barnet,29714,0.39117754
Barnet,29715,0.49139673
Barnet,29716,0.4730864
Barnet,2972,0.558833
Barnet,2976,0.53163296
Barnet,2978,0.5562008
Barnet,2982,0.55018336
Barnet,29833,0.5886982
Barnet,29834,0.566766
Barnet,2990,0.4936071
Barnet,29919,0.44219625
Barnet,3193,0.59535897
Barnet,3195,0.48371497
Barnet,3196,0.4837192
Barnet,3295,0.50601673
Barnet,33152,0.528845
Barnet,33333,0.4821356
Barnet,33334,0.4337634
Barnet,33355,0.5047136
Barnet,33356,0.5076868
Barnet,33499,0.4829173
Barnet,33500,0.46938708
Barnet,33501,0.47023028
Barnet,33502,0.45921922
Barnet,33503,0.46939334
Barnet,33504,0.51677513
Barnet,33648,0.51756793
Barnet,33744,0.57532185
Barnet,33771,0.49286816
Barnet,33772,0.5004147
Barnet,33773,0.5106332
Barnet,33774,0.5028216
Barnet,34042,0.5134033
Barnet,34043,0.5178818
Barnet,34159,0.45932287
Barnet,34183,0.54860175
Barnet,34201,0.5604349
Barnet,34202,0.52376664
Barnet,34203,0.51835996
Barnet,3435,0.48167914
Barnet,3437,0.3815544
Barnet,3438,0.36832598
Barnet,3439,0.4026224
Barnet,3440,0.38695475
Barnet,3441,0.54191476
Barnet,34430,0.39615464
Barnet,34431,0.42985094
Barnet,34432,0.34724462
Barnet,34433,0.3776003
Barnet,34434,0.4219892
Barnet,34435,0.39302707
Barnet,34436,0.41584918
Barnet,34437,0.39602792
Barnet,34454,0.54254246
Barnet,34606,0.5045347
Barnet,34608,0.5040164
Barnet,34609,0.5184865
Barnet,34610,0.45024413
Barnet,34718,0.5375402
Barnet,34719,0.54865026
Barnet,34720,0.46505335
Barnet,34721,0.4771702
Barnet,34722,0.4532508
Barnet,34723,0.43787125
Barnet,34758,0.42926502
Barnet,34872,0.54263425
Barnet,34914,0.63509744
Barnet,3518,0.45824394
Barnet,35204,0.57716787
Barnet,35205,0.54997665
Barnet,35211,0.6050621
Barnet,35215,0.6296342
Barnet,35216,0.64054054
Barnet,35276,0.4974693
Barnet,35326,0.6155822
Barnet,35327,0.6146223
Barnet,35333,0.66035634
Barnet,35337,0.45787504
Barnet,35528,0.59333324
Barnet,35632,0.48041022
Barnet,35838,0.46907926
Barnet,35839,0.5137938
Barnet,35840,0.5195346
Barnet,35841,0.5404787
Barnet,35842,0.55046844
Barnet,35843,0.5569721
Barnet,35844,0.5579822
Barnet,35845,0.6577075
Barnet,35846,0.60661626
Barnet,35847,0.65790176
Barnet,36793,0.5668405
Barnet,37232,0.621355
Barnet,37233,0.62159705
Barnet,37239,0.6469259
Barnet,37240,0.6476441
Barnet,3776,0.46842366
Barnet,3777,0.48566395
Barnet,3778,0.46190548
Barnet,3807,0.51446015
Barnet,3808,0.5204725
Barnet,3809,0.45403436
Barnet,3810,0.4444499
Barnet,4127,0.45461753
Barnet,4647,0.58056414
Barnet,4651,0.62857515
Barnet,4653,0.50810045
Barnet,4690,0.49630556
Barnet,4692,0.5058418
Barnet,4694,0.55633575
Barnet,4695,0.42449823
Barnet,4705,0.5601643
Barnet,565,0.57257426
Barnet,6045,0.5598216
Barnet,6047,0.55047804
Barnet,6048,0.55434656
Barnet,6051,0.57416695
Barnet,6052,0.5639778
Barnet,6056,0.5344319
Barnet,6061,0.53087
Barnet,6063,0.56258976
Barnet,6071,0.5383711
Barnet,6073,0.6075771
Barnet,6074,0.6445585
Barnet,6077,0.5982545
Barnet,6078,0.55534977
Barnet,6079,0.5201189
Barnet,6080,0.50904804
Barnet,6081,0.5538417
Barnet,6082,0.559221
Barnet,6083,0.5917571
Barnet,6084,0.54494673
Barnet,6085,0.6644586
Barnet,6090,0.4934516
Barnet,6091,0.4986109
Barnet,6092,0.50384206
Barnet,6095,0.50769764
Barnet,6096,0.4705962
Barnet,6097,0.46659857
Barnet,6098,0.48125446
Barnet,6099,0.45133227
Barnet,6100,0.46907747
Barnet,6108,0.49959633
Barnet,6109,0.4972946
Barnet,6112,0.47925237
Barnet,6113,0.5036918
Barnet,6114,0.5019817
Barnet,6117,0.56042844
Barnet,6691,0.5584846
Barnet,70119,0.49492544
Barnet,70120,0.49157187
Barnet,70228,0.4793477
Barnet,7520,0.46408868
Barnet,7521,0.49135426
Barnet,764,0.51404893
Barnet,765,0.55904704
Barnet,766,0.55543625
Barnet,80002,0.43529952
Barnet,80003,0.45014507
Barnet,80005,0.37751758
Barnet,80006,0.38295078
Barnet,80007,0.31220323
Barnet,80008,0.5849331
Barnet,80009,0.62508386
Barnet,80013,0.33570206
Barnet,8285,0.573694
Barnet,8428,0.43702894
Barnet,8506,0.45747483
Barnet,8745,0.5692996
Barnet,9011,0.5485953
Barnet,9421,0.54163605
Barnet,9878,0.59473056
Barnet,9882,0.5160838
Barnet,9883,0.58678555
Barnet,9884,0.4936673
Barnet,9887,0.47042605
Barnet,9888,0.44684863
Barnet,9889,0.46772277
Barnet,9890,0.4635098
Barnet,9892,0.48440796
Barnet,9893,0.49189112
Barnet,9894,0.49722138
Barnet,9897,0.5592325
Barnet,9899,0.5547258
Barnet,9901,0.57167345
Barnet,9903,0.58435625
Barnet,9906,0.42541146
Barnet,9907,0.47003987
Barnet,9908,0.48570684
Barnet,9909,0.4922209
Barnet,9910,0.49866652
Barnet,9912,0.5009875
Barnet,9913,0.50765127
Barnet,9914,0.5501935
Barnet,9915,0.52210027
Barnet,9916,0.53598064
Barnet,9917,0.46996918
Barnet,9918,0.5156758
Barnet,9919,0.53384376
Barnet,9920,0.5352706
Barnet,9921,0.49519685
Barnet,9922,0.46062356
Barnet,9923,0.4313183
Barnet,9926,0.5000329
Barnet,9927,0.4963822
Barnet,9933,0.5685406
Barnet,9934,0.56971735
Barnet,9935,0.57101977
Barnet,9936,0.5300052
Barnet,9937,0.5606296
Barnet,9938,0.578063
Barnet,9939,0.6003421
Barnet,9940,0.58534276
Barnet,9941,0.56833637
Barnet,9944,0.5709323
Barnet,9945,0.5851238
Barnet,9947,0.56974417
Barnet,9949,0.5537284
Barnet,9950,0.55807716
Barnet,9951,0.6178695
Barnet,9952,0.61478156
Barnet,9953,0.608499
Barnet,BP090,0.5661015
Barnet,BP1110,0.48672906
Barnet,BP1203,0.46774647
Barnet,BP1265,0.45502466
Barnet,BP1318,0.42635652
Barnet,BP1540,0.39479893
Barnet,BP1612,0.4286357
Barnet,BP1616,0.6113425
Barnet,BP172,0.5100616
Barnet,BP173,0.440893
Barnet,BP1749,0.4327383
Barnet,BP1800,0.48620152
Barnet,BP1961,0.46049094
Barnet,BP1962,0.38756007
Barnet,BP2072,0.53813756
Barnet,BP2076,0.3431657
Barnet,BP2077,0.4374361
Barnet,BP2078,0.4525965
Barnet,BP2079,0.51957107
Barnet,BP2080,0.5188346
Barnet,BP228,0.5361791
Barnet,BP247,0.4325258
Barnet,BP269,0.5495998
Barnet,BP2776,0.54157054
Barnet,BP283,0.4608867
Barnet,BP2832,0.44964775
Barnet,BP2833,0.44967145
Barnet,BP2834,0.5111038
Barnet,BP2835,0.49128658
Barnet,BP3077,0.58168954
Barnet,BP3120,0.5671463
Barnet,BP3223,0.5721283
Barnet,BP3880,0.44531056
Barnet,BP3968,0.5889665
Barnet,BP3969,0.59019357
Barnet,BP3970,0.53819627
Barnet,BP3971,0.4925715
Barnet,BP3972,0.49487194
Barnet,BP3973,0.48414186
Barnet,BP3974,0.62893015
Barnet,BP3975,0.52954644
Barnet,BP3976,0.5287246
Barnet,BP3977,0.50613534
Barnet,BP3978,0.43218118
Barnet,BP3979,0.47212386
Barnet,BP3980,0.5586125
Barnet,BP3981,0.5846951
Barnet,BP3982,0.548483
Barnet,BP3983,0.6230045
Barnet,BP3984,0.44182566
Barnet,BP3985,0.44520292
Barnet,BP3986,0.5080028
Barnet,BP4087,0.572942
Barnet,BP4088,0.5734428
Barnet,BP4090,0.6328166
Barnet,BP4124,0.5237486
Barnet,BP4125,0.5806431
Barnet,BP4294,0.5854014
Barnet,BP4376,0.57145345
Barnet,BP5114,0.5644414
Barnet,BP5308,0.39980224
Barnet,BP5505,0.40133423
Barnet,BP5506,0.3972704
Barnet,BP5507,0.41416642
Barnet,BP5508,0.43432155
Barnet,BP5509,0.43355563
Barnet,BP5510,0.5326292
Barnet,BP5511,0.49164078
Barnet,BP5557,0.52631456
Barnet,BP5689,0.36349714
Barnet,BP5695,0.3766587
Barnet,BP5760,0.52889794
Barnet,BP5952,0.4666844
Barnet,BP5959,0.5204119
Barnet,BP5960,0.5401027
Barnet,BP5961,0.51774424
Barnet,BP600,0.45250675
Barnet,BP6058,0.49185
Barnet,BP6059,0.49194017
Barnet,BP6060,0.47958937
Barnet,BP6062,0.5193388
Barnet,BP615,0.43778524
Barnet,BP6335,0.52430385
Barnet,BP6336,0.50121236
Barnet,BP6337,0.55964255
Barnet,BP6433,0.47905874
Barnet,BP6578,0.5434997
Barnet,HC100,0.4599584
Barnet,HC101,0.3332556
Barnet,HC102,0.40949634
Barnet,HC103,0.46806738
Barnet,HC104,0.43489817
Barnet,HC105,0.35729152
Barnet,HC203,0.48856482
Barnet,HC204,0.5188235
Barnet,HC229,0.63495666
Barnet,HC231,0.4784048
Barnet,HC232,0.4840889
Barnet,HC233,0.5015531
Barnet,HC304,0.32624507
Barnet,HC305,0.32624963
Barnet,HC306,0.32235268
Barnet,HC307,0.32268128
Barnet,HC308,0.34501088
Barnet,HC309,0.3449892
Barnet,HC310,0.45491436
Barnet,HC311,0.34456468
Barnet,HC312,0.28850698
Barnet,HC313,0.45621502
Barnet,HC314,0.4895268
Barnet,HC315,0.45410672
Barnet,HC316,0.40289906
Barnet,HC317,0.2882997
Barnet,HC318,0.3633485
Barnet,HC319,0.2718155
Barnet,HC326,0.4385705
Barnet,HC328,0.4005897
Barnet,HC330,0.42988828
Barnet,HC332,0.36629143
Barnet,HC333,0.4787497
Barnet,HC335,0.45869204
Barnet,HC340,0.40166864
Barnet,HC342,0.44697496
Barnet,HC343,0.34546137
Barnet,HC344,0.3509503
Barnet,HC345,0.37595564
Barnet,HC347,0.37394097
Barnet,HC348,0.48203737
Barnet,HC349,0.48144433
Barnet,HC35,0.4788826
Barnet,HC350,0.48587653
Barnet,HC351,0.48415533
Barnet,HC352,0.513425
Barnet,HC353,0.47444555
Barnet,HC354,0.43701738
Barnet,HC355,0.41857925
Barnet,HC356,0.50205976
Barnet,HC357,0.51105446
Barnet,HC359,0.35555026
Barnet,HC360,0.36785048
Barnet,HC361,0.35639167
Barnet,HC362,0.35581955
Barnet,HC363,0.3572645
Barnet,HC37,0.4684228
Barnet,HC39,0.47707346
Barnet,HC41,0.47335526
Barnet,HC437,0.48576614
Barnet,HC605,0.5535659
Barnet,HC606,0.54894197
Barnet,HC639,0.57107806
Barnet,HC640,0.5210839
Barnet,HC641,0.5210963
Barnet,HC642,0.49678722
Barnet,HC643,0.4869021
Barnet,HC644,0.46481442
Barnet,HC645,0.48456168
Barnet,HC646,0.47218436
Barnet,HC647,0.47786787
Barnet,HC648,0.4981973
Barnet,HC649,0.4495331
Barnet,HC650,0.35717744
Barnet,HC651,0.49807173
Barnet,HC652,0.49835864
Barnet,HC653,0.5002156
Barnet,HC654,0.38349158
Barnet,HC655,0.38290444
Barnet,HC656,0.37877893
Barnet,HC657,0.37900707
Barnet,HC658,0.36985067
Barnet,HC659,0.36832646
Barnet,HC660,0.383465
Barnet,HC661,0.38457134
Barnet,HC662,0.37421542
Barnet,HC663,0.3509047
Barnet,HC664,0.34291866
Barnet,HC665,0.34339994
Barnet,HC666,0.33425418
Barnet,HC667,0.35976616
Barnet,HC668,0.33286706
Barnet,HC669,0.3702604
Barnet,HC670,0.36725873
Barnet,HC671,0.3916153
Barnet,HC672,0.39197418
Barnet,HC673,0.43629444
Barnet,HC674,0.3915902
Barnet,HC675,0.4565796
Barnet,HC676,0.4101187
Barnet,HC677,0.4616841
Barnet,HC678,0.45485052
Barnet,HC679,0.5243511
Barnet,HC680,0.470432
Barnet,HC681,0.50516397
Barnet,HC682,0.45135802
Barnet,HC683,0.45827827
Barnet,HC684,0.35237136
Barnet,HC685,0.34203672
Barnet,HC686,0.34443465
Barnet,HC687,0.34446442
Barnet,HC688,0.35466525
Barnet,HC689,0.38801435
Barnet,HC690,0.39374375
Barnet,HC691,0.38593554
Barnet,HC692,0.4613611
Barnet,HC693,0.45341495
Barnet,HC694,0.4285052
Barnet,HC695,0.43904832
Barnet,HC696,0.46276012
Barnet,HC697,0.4956252
Barnet,HC698,0.5334927
Barnet,HC699,0.5037934
Barnet,HC700,0.49961632
Barnet,HC701,0.47304407
Barnet,HC702,0.45162678
Barnet,HC796,0.46855387
Barnet,HC797,0.4288244
Barnet,HC798,0.47040436
Barnet,HC799,0.49325278
Barnet,HC800,0.4831788
Barnet,HC801,0.38511306
Barnet,HC802,0.39357167
Barnet,HC803,0.38943058
Barnet,HC804,0.46162373
Barnet,HC805,0.48841774
Barnet,HC806,0.4476089
Barnet,HC807,0.43258604
Barnet,HC829,0.426995
Barnet,HC833,0.5546116
Barnet,HC834,0.5542503
Barnet,HC835,0.5535241
Barnet,HC836,0.5099759
Barnet,HC837,0.5448265
Barnet,HC838,0.583474
Barnet,HC839,0.52818227
Barnet,HC840,0.5420374
Barnet,HC841,0.57139564
Barnet,HC842,0.5509073
Barnet,HC843,0.55465055
Barnet,HC844,0.53397447
Barnet,HC845,0.44395947
Barnet,HC846,0.4882548
Barnet,HC847,0.46963567
Barnet,HC848,0.38934067
Barnet,HC849,0.39344746
Barnet,HC850,0.49925974
Barnet,HC851,0.4663161
Barnet,HC852,0.41784102
Barnet,HC853,0.50438
Barnet,HC88,0.37761033
Barnet,HC99,0.5665597
Barnet,M27,0.4683169
Barnet,M28,0.4590946
Barnet,M29,0.49845982
Barnet,M31,0.53457296
Barnet,M32,0.44718194
Barnet,M33,0.4387282
Barnet,M34,0.4147315
Barnet,M41,0.44209656
Barnet,M42,0.4408677
Barnet,M43,0.44928408
Barnet,M44,0.4298634
Barnet,M5,0.4641237
Barnet,M7,0.5976682
Barnet,OC481,0.38017708
Barnet,OC568,0.56733847
Barnet,OC672,0.35188562
Barnet,R0310,0.4437181
Barnet,R0485,0.4259073
Barnet,R0744,0.6309678
Barnet,R0751,0.47467235
Barnet,R0789,0.58021957
Barnet,R0790,0.57789224
Barnet,R0791,0.58099437
Barnet,R0792,0.58020407
Barnet,R0796,0.5456982
Barnet,R0797,0.55111736
Barnet,R0798,0.5435375
Barnet,R0800,0.5414751
Barnet,R0803,0.5441664
Barnet,17036,0.5639689
Barnet,17037,0.5489755
Barnet,17039,0.53841025
Barnet,26199,0.46689692
Barnet,BP5459,0.5067191
Barnet,BP5460,0.45673794
Barnet,BP5951,0.5339501
Barnet,BP5953,0.5067024
Barnet,BP5954,0.5394783
Barnet,BP5958,0.46148974
Barnet,HC201,0.53413033
Barnet,HC202,0.46087688
Barnet,HC205,0.5308901
Barnet,HC603,0.5519967
Barnet,HC604,0.5491517
Barnet,HC609,0.44165316
Barnet,M36,0.52783287
Bexley,10016,0.50253326
Bexley,10017,0.49861744
Bexley,10359,0.38412043
Bexley,10360,0.39834478
Bexley,10715,0.43616048
Bexley,10716,0.44545135
Bexley,10717,0.4238348
Bexley,10719,0.42994645
Bexley,10720,0.43770218
Bexley,10721,0.44955787
Bexley,10722,0.44979888
Bexley,10723,0.44802785
Bexley,10724,0.44811898
Bexley,10725,0.4387077
Bexley,10726,0.42781144
Bexley,10729,0.45161754
Bexley,11121,0.47787336
Bexley,12069,0.5015601
Bexley,12070,0.47747135
Bexley,12071,0.4727136
Bexley,12072,0.4636585
Bexley,12073,0.4602367
Bexley,12074,0.46434325
Bexley,12075,0.46784475
Bexley,12076,0.4710583
Bexley,12077,0.46343166
Bexley,12078,0.449745
Bexley,12079,0.47627193
Bexley,12080,0.43527564
Bexley,13510,0.493302
Bexley,13904,0.4745334
Bexley,14376,0.36925316
Bexley,14377,0.37237915
Bexley,14378,0.46787184
Bexley,14379,0.46653983
Bexley,14380,0.43571353
Bexley,14381,0.48360297
Bexley,14382,0.44582456
Bexley,14383,0.4320172
Bexley,1444,0.4734831
Bexley,14960,0.47465268
Bexley,15008,0.4890184
Bexley,15182,0.52792436
Bexley,15183,0.4860979
Bexley,16648,0.48560137
Bexley,16649,0.46319363
Bexley,16650,0.49741003
Bexley,16651,0.49967626
Bexley,16652,0.46998385
Bexley,16653,0.49425498
Bexley,16656,0.523991
Bexley,16657,0.52357376
Bexley,16658,0.5134867
Bexley,16659,0.49643597
Bexley,16660,0.43764153
Bexley,16661,0.4387139
Bexley,16662,0.44830894
Bexley,16663,0.43000117
Bexley,16664,0.43448168
Bexley,16675,0.43483743
Bexley,16676,0.46453065
Bexley,16677,0.4382071
Bexley,16678,0.43337762
Bexley,16679,0.42507648
Bexley,16681,0.43459246
Bexley,16682,0.45976716
Bexley,16683,0.4420931
Bexley,16684,0.4383392
Bexley,16685,0.4314407
Bexley,16686,0.43967202
Bexley,16687,0.46415392
Bexley,16688,0.45865804
Bexley,16689,0.49628752
Bexley,16690,0.49450672
Bexley,16691,0.4376561
Bexley,16692,0.43698454
Bexley,16693,0.43243822
Bexley,16694,0.43260422
Bexley,16695,0.44853777
Bexley,16696,0.4508218
Bexley,16697,0.49720594
Bexley,17585,0.52736354
Bexley,17586,0.5097313
Bexley,17587,0.5359999
Bexley,17588,0.46952578
Bexley,17589,0.45836642
Bexley,17591,0.4496291
Bexley,17592,0.3927184
Bexley,17593,0.35581455
Bexley,17594,0.40025732
Bexley,17596,0.4322995
Bexley,17597,0.41354394
Bexley,17721,0.43179822
Bexley,17722,0.44230747
Bexley,18084,0.4005417
Bexley,18085,0.4508878
Bexley,18918,0.47779438
Bexley,18919,0.49428624
Bexley,18922,0.46422145
Bexley,18923,0.388844
Bexley,18926,0.44966477
Bexley,18927,0.4452518
Bexley,18928,0.47868517
Bexley,18929,0.43272188
Bexley,18930,0.45119235
Bexley,18931,0.4247021
Bexley,18932,0.43357766
Bexley,18933,0.4528834
Bexley,18934,0.43966493
Bexley,18938,0.54000574
Bexley,18939,0.50442326
Bexley,18940,0.5060615
Bexley,18986,0.4949325
Bexley,18987,0.49387324
Bexley,19623,0.4473273
Bexley,19624,0.42038277
Bexley,19625,0.4385946
Bexley,19626,0.37514573
Bexley,19627,0.4134732
Bexley,19628,0.38127276
Bexley,19629,0.4617988
Bexley,19630,0.46110436
Bexley,19631,0.49024916
Bexley,19632,0.48941326
Bexley,19633,0.49631518
Bexley,19663,0.41141498
Bexley,19664,0.43291357
Bexley,19665,0.4715065
Bexley,19666,0.47653815
Bexley,19667,0.43780324
Bexley,19668,0.4441011
Bexley,19669,0.46042106
Bexley,19670,0.43965042
Bexley,20169,0.33752525
Bexley,20171,0.3604061
Bexley,20320,0.45421597
Bexley,20404,0.5025796
Bexley,20437,0.49853963
Bexley,20515,0.45450127
Bexley,20516,0.4848188
Bexley,20598,0.45106116
Bexley,20796,0.543074
Bexley,21597,0.45245314
Bexley,21598,0.4387493
Bexley,21599,0.44371492
Bexley,21600,0.44165483
Bexley,21601,0.43174076
Bexley,21603,0.3921271
Bexley,21625,0.43268442
Bexley,21626,0.42412692
Bexley,21697,0.41316867
Bexley,21790,0.34158117
Bexley,21819,0.3749416
Bexley,21820,0.34690028
Bexley,21822,0.39041328
Bexley,21823,0.39322323
Bexley,21826,0.444389
Bexley,21881,0.42725602
Bexley,21882,0.42694318
Bexley,22342,0.370381
Bexley,22343,0.36475974
Bexley,22450,0.43953434
Bexley,23114,0.40080774
Bexley,23116,0.4154663
Bexley,23117,0.42328542
Bexley,23251,0.43590227
Bexley,23253,0.4301669
Bexley,23254,0.47276372
Bexley,23255,0.4278487
Bexley,23256,0.49255612
Bexley,23257,0.47019765
Bexley,23258,0.48784864
Bexley,23259,0.48727223
Bexley,23260,0.49635923
Bexley,23261,0.49528685
Bexley,23262,0.4505708
Bexley,23263,0.45418137
Bexley,23264,0.4644981
Bexley,23265,0.45041537
Bexley,23266,0.46233153
Bexley,23267,0.4678961
Bexley,23268,0.45769843
Bexley,23269,0.44551978
Bexley,23271,0.43405762
Bexley,23273,0.42691237
Bexley,23354,0.4037524
Bexley,23355,0.4059432
Bexley,23602,0.41120243
Bexley,23603,0.39783403
Bexley,23604,0.41522598
Bexley,23605,0.44997188
Bexley,23606,0.42970923
Bexley,23607,0.46986023
Bexley,23608,0.4534151
Bexley,23609,0.4903865
Bexley,23610,0.48002782
Bexley,23611,0.47701573
Bexley,23663,0.43866554
Bexley,23698,0.40119925
Bexley,23874,0.4032981
Bexley,24008,0.44436085
Bexley,24132,0.42859474
Bexley,24133,0.3488612
Bexley,24134,0.44590655
Bexley,24637,0.41907352
Bexley,25290,0.4846183
Bexley,25480,0.48555946
Bexley,25605,0.50658244
Bexley,25696,0.51039684
Bexley,25697,0.35865688
Bexley,25698,0.32758
Bexley,25699,0.37717074
Bexley,25700,0.37624744
Bexley,25701,0.38378036
Bexley,25702,0.4096416
Bexley,25710,0.39320645
Bexley,25711,0.4317748
Bexley,25712,0.47115597
Bexley,25713,0.4652088
Bexley,25714,0.48283714
Bexley,25715,0.48212686
Bexley,25716,0.44490474
Bexley,25717,0.43038446
Bexley,25718,0.43942678
Bexley,25719,0.44063646
Bexley,25773,0.42872855
Bexley,25775,0.4371566
Bexley,25776,0.441971
Bexley,25777,0.444928
Bexley,25778,0.515118
Bexley,25779,0.51706046
Bexley,25780,0.45208704
Bexley,25781,0.4592375
Bexley,25782,0.4615599
Bexley,25783,0.4689736
Bexley,25784,0.43607232
Bexley,25785,0.43516994
Bexley,25786,0.40383255
Bexley,25819,0.522931
Bexley,25848,0.52975446
Bexley,25998,0.52099025
Bexley,26152,0.4034149
Bexley,26153,0.4051935
Bexley,26218,0.4907112
Bexley,26383,0.45613682
Bexley,26561,0.40993163
Bexley,26562,0.41008806
Bexley,26563,0.4085156
Bexley,26564,0.43424678
Bexley,26566,0.41216314
Bexley,26567,0.40832505
Bexley,26579,0.4562306
Bexley,26580,0.45468032
Bexley,26581,0.47016454
Bexley,26582,0.46274036
Bexley,26583,0.42174685
Bexley,26584,0.45496127
Bexley,27306,0.4912632
Bexley,27308,0.40664268
Bexley,27589,0.441392
Bexley,27833,0.37178093
Bexley,27834,0.36895669
Bexley,28017,0.40181583
Bexley,28018,0.39965925
Bexley,28177,0.46925086
Bexley,2867,0.39921382
Bexley,29286,0.44638795
Bexley,29307,0.5400917
Bexley,29308,0.53399205
Bexley,29461,0.48480308
Bexley,29462,0.41821593
Bexley,29468,0.45183405
Bexley,29469,0.4691443
Bexley,29545,0.50239533
Bexley,30598,0.31206948
Bexley,31051,0.347603
Bexley,31473,0.446295
Bexley,31531,0.42560232
Bexley,33040,0.53594816
Bexley,33041,0.51598376
Bexley,33234,0.4143941
Bexley,33235,0.4025602
Bexley,33236,0.40692586
Bexley,33237,0.43378428
Bexley,33238,0.42255893
Bexley,33239,0.3739852
Bexley,33240,0.37413707
Bexley,33241,0.3877156
Bexley,33242,0.3869665
Bexley,33244,0.4166888
Bexley,33247,0.41196874
Bexley,33248,0.41423753
Bexley,33556,0.483375
Bexley,33748,0.41638094
Bexley,33749,0.41338888
Bexley,3375,0.38786462
Bexley,33750,0.42540607
Bexley,33751,0.40674433
Bexley,33752,0.41410738
Bexley,33753,0.397723
Bexley,33754,0.3962164
Bexley,33755,0.39638838
Bexley,33756,0.39552978
Bexley,33757,0.40809909
Bexley,33758,0.4079055
Bexley,3377,0.4362952
Bexley,33974,0.39582685
Bexley,34277,0.489439
Bexley,34278,0.4887662
Bexley,34318,0.48948362
Bexley,34392,0.47232717
Bexley,34611,0.44743314
Bexley,34612,0.48228595
Bexley,34613,0.46511754
Bexley,34812,0.49971026
Bexley,34815,0.4795822
Bexley,34816,0.4761409
Bexley,34817,0.46851802
Bexley,34818,0.43822107
Bexley,34819,0.47839212
Bexley,34825,0.54624546
Bexley,34926,0.43721613
Bexley,34955,0.3955851
Bexley,35147,0.45312965
Bexley,35309,0.51263833
Bexley,35387,0.43403
Bexley,35388,0.41509193
Bexley,35389,0.4145762
Bexley,35390,0.43868077
Bexley,35391,0.48484758
Bexley,35392,0.46537957
Bexley,35393,0.45934656
Bexley,35395,0.46146202
Bexley,35396,0.46168384
Bexley,35424,0.43328768
Bexley,35518,0.35645634
Bexley,35529,0.4353854
Bexley,35541,0.42678863
Bexley,35579,0.3587268
Bexley,35580,0.34492746
Bexley,35581,0.34189838
Bexley,35582,0.3390103
Bexley,35584,0.36071366
Bexley,35585,0.42338482
Bexley,35586,0.35495886
Bexley,35713,0.46727872
Bexley,35773,0.47182813
Bexley,35928,0.4450944
Bexley,35929,0.47967017
Bexley,36002,0.5004091
Bexley,36530,0.47170228
Bexley,36531,0.44824767
Bexley,36642,0.45901665
Bexley,36675,0.49592072
Bexley,36676,0.4917492
Bexley,36677,0.4655221
Bexley,36678,0.4447026
Bexley,36780,0.51141655
Bexley,37070,0.48356918
Bexley,37071,0.48663318
Bexley,37076,0.48702738
Bexley,37078,0.48816028
Bexley,37123,0.51697814
Bexley,37181,0.46613178
Bexley,3725,0.5146664
Bexley,37322,0.5550255
Bexley,37379,0.49291205
Bexley,3901,0.32076544
Bexley,3902,0.31005254
Bexley,3905,0.53938186
Bexley,3906,0.55280185
Bexley,3929,0.49973193
Bexley,3930,0.5078832
Bexley,3936,0.4307484
Bexley,3937,0.433242
Bexley,3952,0.3927125
Bexley,3953,0.42314503
Bexley,3954,0.41260126
Bexley,3955,0.4124837
Bexley,3961,0.3992886
Bexley,3962,0.39902818
Bexley,3963,0.5168452
Bexley,3964,0.42132306
Bexley,3965,0.4073133
Bexley,40020,0.4279492
Bexley,40022,0.4457866
Bexley,40023,0.45237842
Bexley,40024,0.44958174
Bexley,40027,0.46329272
Bexley,40028,0.50310487
Bexley,40029,0.45242122
Bexley,40030,0.4655248
Bexley,40031,0.44943538
Bexley,40032,0.44899195
Bexley,40047,0.29769295
Bexley,40050,0.4088136
Bexley,40062,0.42899027
Bexley,40064,0.4506873
Bexley,40065,0.45037547
Bexley,41001,0.40630412
Bexley,44002,0.49825186
Bexley,44003,0.47765628
Bexley,44004,0.43404046
Bexley,44005,0.46192327
Bexley,44016,0.48067966
Bexley,44017,0.47907296
Bexley,4928,0.4369652
Bexley,5176,0.4858494
Bexley,5885,0.45508376
Bexley,5886,0.45580202
Bexley,6001,0.44410476
Bexley,6002,0.32470933
Bexley,6229,0.46106973
Bexley,6230,0.36233094
Bexley,6231,0.42176452
Bexley,6232,0.39538002
Bexley,6233,0.41783103
Bexley,6234,0.4218744
Bexley,6235,0.41975185
Bexley,6236,0.4179812
Bexley,6238,0.5140886
Bexley,6239,0.39884353
Bexley,6240,0.39922783
Bexley,6241,0.39729562
Bexley,6242,0.3966921
Bexley,6243,0.3806156
Bexley,6244,0.3981226
Bexley,6247,0.39149415
Bexley,6248,0.4486663
Bexley,6249,0.44485295
Bexley,6251,0.41457966
Bexley,6252,0.42717144
Bexley,6254,0.43753937
Bexley,6255,0.4369765
Bexley,6257,0.38658157
Bexley,6260,0.3914392
Bexley,6261,0.39153013
Bexley,6264,0.41566712
Bexley,6265,0.40492275
Bexley,6266,0.3975931
Bexley,6268,0.4397631
Bexley,6271,0.46321318
Bexley,6272,0.45373735
Bexley,6273,0.4423767
Bexley,6274,0.47308964
Bexley,6275,0.47397277
Bexley,6276,0.49146432
Bexley,6277,0.504032
Bexley,6279,0.5036444
Bexley,6286,0.50880045
Bexley,6287,0.5042752
Bexley,6290,0.5068911
Bexley,6294,0.5202624
Bexley,6295,0.5164601
Bexley,6301,0.52393454
Bexley,6302,0.5221818
Bexley,6303,0.5117022
Bexley,6307,0.44884694
Bexley,6308,0.44879833
Bexley,6309,0.46311143
Bexley,6310,0.47865647
Bexley,6313,0.38051274
Bexley,6314,0.44866133
Bexley,6315,0.5298643
Bexley,6316,0.39271495
Bexley,6317,0.42436525
Bexley,6318,0.36383888
Bexley,6319,0.44665942
Bexley,6320,0.43400472
Bexley,6323,0.48795283
Bexley,6324,0.50290084
Bexley,6326,0.4717137
Bexley,6327,0.4700951
Bexley,6328,0.47791943
Bexley,6329,0.46843216
Bexley,6330,0.47650102
Bexley,6348,0.49407086
Bexley,6349,0.4682992
Bexley,6600,0.401069
Bexley,6603,0.42750755
Bexley,7540,0.42780748
Bexley,9182,0.47136036
Bexley,BP060,0.42787686
Bexley,BP1297,0.33821413
Bexley,BP1298,0.34614202
Bexley,BP1325,0.46369818
Bexley,BP1334,0.3481591
Bexley,BP1335,0.4495731
Bexley,BP1583,0.43666276
Bexley,BP1776,0.43626395
Bexley,BP1845,0.4923797
Bexley,BP1846,0.46124357
Bexley,BP1927,0.42290848
Bexley,BP2114,0.43690574
Bexley,BP2115,0.4539174
Bexley,BP2158,0.48352423
Bexley,BP2159,0.4854432
Bexley,BP2160,0.4981173
Bexley,BP2250,0.43929955
Bexley,BP2259,0.43498927
Bexley,BP2296,0.4974365
Bexley,BP2437,0.49356234
Bexley,BP2438,0.49196514
Bexley,BP2992,0.44512862
Bexley,BP3207,0.4248039
Bexley,BP3300,0.37517622
Bexley,BP3311,0.32700422
Bexley,BP3603,0.4638948
Bexley,BP371,0.46001762
Bexley,BP372,0.4611507
Bexley,BP374,0.4245631
Bexley,BP375,0.3564409
Bexley,BP376,0.35643464
Bexley,BP377,0.4300775
Bexley,BP3814,0.5048092
Bexley,BP3815,0.46698913
Bexley,BP3816,0.4626643
Bexley,BP3817,0.53563035
Bexley,BP4058,0.43020666
Bexley,BP4175,0.43369228
Bexley,BP4176,0.40067005
Bexley,BP4177,0.4424558
Bexley,BP4178,0.4409639
Bexley,BP4179,0.42023566
Bexley,BP4180,0.429889
Bexley,BP4279,0.44001126
Bexley,BP4476,0.45259893
Bexley,BP4516,0.45212042
Bexley,BP4992,0.44231284
Bexley,BP5033,0.5440614
Bexley,BP5046,0.42197818
Bexley,BP5099,0.432707
Bexley,BP5395,0.43405905
Bexley,BP5396,0.45085844
Bexley,BP5401,0.41578737
Bexley,BP5402,0.4048171
Bexley,BP5866,0.48331073
Bexley,BP5900,0.38697588
Bexley,BP5901,0.3898556
Bexley,BP6081,0.34428835
Bexley,BP6082,0.34254754
Bexley,BP6083,0.4259686
Bexley,BP6084,0.4073924
Bexley,BP6085,0.43110457
Bexley,BP6086,0.42791653
Bexley,BP6087,0.41165668
Bexley,BP6088,0.43650663
Bexley,BP6089,0.46538875
Bexley,BP6090,0.4394489
Bexley,BP6091,0.43606117
Bexley,BP6092,0.43564755
Bexley,BP6257,0.43176177
Bexley,BP6295,0.4111672
Bexley,BP6296,0.44354483
Bexley,BP6297,0.41199046
Bexley,BP6298,0.47644863
Bexley,BP6299,0.4214353
Bexley,BP6300,0.4406211
Bexley,BP6302,0.47114307
Bexley,BP6303,0.43293747
Bexley,BP6304,0.40739182
Bexley,BP6305,0.41766614
Bexley,BP6306,0.4335179
Bexley,BP6307,0.43581364
Bexley,BP6308,0.41919163
Bexley,BP6309,0.41694933
Bexley,BP6310,0.43522778
Bexley,BP6311,0.41985127
Bexley,BP6312,0.43774202
Bexley,BP6313,0.47352517
Bexley,BP6323,0.47109267
Bexley,BP645,0.46355838
Bexley,BP647,0.43420592
Bexley,BP648,0.43432945
Bexley,BP6496,0.4568197
Bexley,BP6497,0.45609307
Bexley,BP6540,0.46714255
Bexley,BP6547,0.3595828
Bexley,BP6548,0.37288675
Bexley,BP6549,0.35983458
Bexley,BP6550,0.37580252
Bexley,BP6551,0.37471557
Bexley,BP6552,0.37409562
Bexley,BP6553,0.38115415
Bexley,BP658,0.41476095
Bexley,BP663,0.44595203
Bexley,BP942,0.39582726
Bexley,HC1,0.34638855
Bexley,HC154,0.44771534
Bexley,HC155,0.4685276
Bexley,HC156,0.4403887
Bexley,HC157,0.46239513
Bexley,HC158,0.453949
Bexley,HC159,0.44860506
Bexley,HC269,0.38679996
Bexley,HC3,0.42179134
Bexley,HC4,0.34601736
Bexley,HC5,0.37051818
Bexley,HC551,0.4474287
Bexley,HC552,0.4481182
Bexley,HC553,0.4116827
Bexley,HC554,0.47701064
Bexley,HC6,0.4140336
Bexley,HC729,0.4380822
Bexley,HC730,0.45355335
Bexley,HC731,0.43301755
Bexley,HC732,0.46850896
Bexley,HC733,0.46622333
Bexley,HC734,0.43427506
Bexley,HC735,0.43597063
Bexley,HC737,0.5292459
Bexley,HC738,0.43376645
Bexley,HC744,0.46375924
Bexley,HC745,0.44956106
Bexley,HC746,0.47677326
Bexley,HC747,0.4341233
Bexley,HC748,0.4306886
Bexley,HC749,0.41560856
Bexley,HC750,0.4547356
Bexley,HC751,0.44452772
Bexley,HC752,0.47577533
Bexley,HC808,0.39573315
Bexley,HC809,0.40013593
Bexley,HC810,0.38726237
Bexley,HC811,0.42573312
Bexley,HC812,0.40961453
Bexley,HC813,0.39418522
Bexley,HC816,0.39610094
Bexley,HC817,0.39258263
Bexley,HC818,0.43307146
Bexley,HC819,0.4539014
Bexley,HC820,0.44930005
Bexley,HC821,0.42908886
Bexley,HC822,0.37694132
Bexley,HC823,0.415085
Bexley,HC824,0.4246564
Bexley,HC825,0.40940621
Bexley,HC826,0.4041172
Bexley,HC827,0.41718942
Bexley,HC828,0.37582326
Bexley,HC830,0.403559
Bexley,HC831,0.39385074
Bexley,OC418,0.49350256
Bexley,OC581,0.39175114
Bexley,OC658,0.39604366
Bexley,R0063,0.3905007
Bexley,R0439,0.3429529
Bexley,R0468,0.43095428
Bexley,R0481,0.3263856
Bexley,R0482,0.3489436
Bexley,R0521,0.50510466
Bexley,R0535,0.4570254
Bexley,R0536,0.42136204
Bexley,R0537,0.40990782
Bexley,R0548,0.4754676
Bexley,R0555,0.43714422
Bexley,R0561,0.45128968
Bexley,21602,0.41616613
Bexley,23118,0.46064612
Bexley,28236,0.45219558
Bexley,33243,0.45359164
Bexley,33245,0.43225172
Bexley,33246,0.43084985
Bexley,33249,0.47080043
Bexley,37371,0.45500016
Bexley,40051,0.40207902
Bexley,40052,0.4064356
Bexley,40086,0.42314067
Bexley,40087,0.42636597
Bexley,6347,0.46111736
Bexley,6367,0.41004688
Bexley,BP4066,0.43039337
Brent,1013,0.4680156
Brent,1014,0.48870274
Brent,10240,0.50416565
Brent,10241,0.5061375
Brent,11134,0.37145084
Brent,11135,0.42217198
Brent,11601,0.49171013
Brent,11609,0.4785133
Brent,11615,0.40186682
Brent,11616,0.4169547
Brent,11617,0.42823234
Brent,11618,0.42834967
Brent,11621,0.5265564
Brent,11622,0.54119956
Brent,11623,0.43209594
Brent,11630,0.43285877
Brent,11633,0.36759916
Brent,11634,0.3736574
Brent,11635,0.4520295
Brent,11636,0.45954642
Brent,11637,0.4507441
Brent,11638,0.48287305
Brent,11639,0.6621448
Brent,11640,0.57513934
Brent,11641,0.6150307
Brent,11642,0.64710426
Brent,11643,0.37409577
Brent,11644,0.44666728
Brent,11645,0.38331494
Brent,11647,0.44278306
Brent,11650,0.4606565
Brent,11651,0.48889345
Brent,11653,0.48214453
Brent,11656,0.41197085
Brent,11657,0.4012404
Brent,11658,0.41189778
Brent,11659,0.42752966
Brent,11660,0.40489417
Brent,11661,0.39799166
Brent,1220,0.40182558
Brent,1256,0.32835722
Brent,13149,0.37895396
Brent,1378,0.32286757
Brent,1380,0.31077585
Brent,1381,0.3585233
Brent,1382,0.31285447
Brent,1385,0.31345937
Brent,1386,0.30750927
Brent,1387,0.3061979
Brent,1388,0.40866455
Brent,1389,0.4289225
Brent,14205,0.4473781
Brent,14341,0.43137008
Brent,14364,0.5062861
Brent,1467,0.39104944
Brent,14766,0.40656218
Brent,14827,0.44184968
Brent,14828,0.41466442
Brent,14833,0.42559066
Brent,14838,0.53045976
Brent,1484,0.49438378
Brent,14840,0.44347528
Brent,14851,0.5369281
Brent,14852,0.5642651
Brent,14853,0.46402076
Brent,14946,0.35587353
Brent,14948,0.3947917
Brent,14968,0.5361791
Brent,15011,0.53753847
Brent,15012,0.53017867
Brent,15013,0.593289
Brent,15068,0.4842815
Brent,15069,0.5358342
Brent,15070,0.5655413
Brent,15071,0.4387963
Brent,15074,0.47160712
Brent,15075,0.4957011
Brent,15076,0.48381215
Brent,15077,0.5012291
Brent,15078,0.49885905
Brent,15079,0.51942843
Brent,15080,0.5162849
Brent,15081,0.5600253
Brent,15082,0.54770654
Brent,15083,0.51861745
Brent,15084,0.52579653
Brent,15085,0.57508105
Brent,15088,0.4671258
Brent,15089,0.44572687
Brent,15090,0.44645256
Brent,15091,0.39457208
Brent,15935,0.5180492
Brent,15936,0.510064
Brent,15937,0.5081233
Brent,1594,0.4534414
Brent,15946,0.41361505
Brent,15947,0.43223703
Brent,15950,0.4248963
Brent,16102,0.5245601
Brent,16112,0.43141428
Brent,16116,0.38236216
Brent,16118,0.47246668
Brent,16125,0.4375554
Brent,1620,0.4260001
Brent,1621,0.49483463
Brent,16210,0.5847621
Brent,1622,0.48615086
Brent,1623,0.43679455
Brent,1624,0.43741342
Brent,16543,0.41145316
Brent,16545,0.46272993
Brent,16546,0.46577728
Brent,16547,0.58356684
Brent,16548,0.6084966
Brent,16550,0.57850105
Brent,16552,0.48467222
Brent,16555,0.44514623
Brent,16556,0.56172085
Brent,16557,0.56726444
Brent,16558,0.55095077
Brent,16559,0.59877366
Brent,16560,0.620534
Brent,16561,0.5736559
Brent,16562,0.54969007
Brent,1659,0.42979887
Brent,16997,0.54182595
Brent,16998,0.55309945
Brent,16999,0.47565663
Brent,17000,0.47147968
Brent,17001,0.45112243
Brent,17003,0.5602279
Brent,17004,0.64908576
Brent,17005,0.6492106
Brent,17006,0.42281905
Brent,17007,0.42471245
Brent,17010,0.50081706
Brent,17011,0.4867407
Brent,17012,0.58748025
Brent,17013,0.58735406
Brent,17014,0.5897791
Brent,17015,0.59624594
Brent,17016,0.5524554
Brent,17017,0.55050987
Brent,17018,0.592266
Brent,17019,0.5895332
Brent,17020,0.6119896
Brent,17021,0.5990319
Brent,17022,0.61013484
Brent,17023,0.613184
Brent,17043,0.4785635
Brent,17044,0.46443942
Brent,17045,0.52057797
Brent,17046,0.44102195
Brent,17047,0.55442846
Brent,17048,0.58043957
Brent,17049,0.6069937
Brent,17050,0.6068705
Brent,17051,0.5062926
Brent,17052,0.5144371
Brent,17053,0.43615204
Brent,17054,0.41462833
Brent,17055,0.42906755
Brent,17056,0.42859504
Brent,17057,0.43020293
Brent,17058,0.46104476
Brent,17059,0.525405
Brent,17060,0.5332607
Brent,17062,0.5693957
Brent,17063,0.53694946
Brent,17120,0.5270941
Brent,17121,0.5774488
Brent,17122,0.5128717
Brent,17123,0.54852766
Brent,17124,0.5318386
Brent,17125,0.5464328
Brent,17170,0.54312354
Brent,17171,0.5657348
Brent,17172,0.52009434
Brent,17173,0.50186265
Brent,17174,0.4455601
Brent,17176,0.44443682
Brent,17178,0.54517454
Brent,17180,0.4669017
Brent,17252,0.5527676
Brent,17253,0.6168842
Brent,17254,0.44099033
Brent,17255,0.45738283
Brent,1757,0.41830984
Brent,1763,0.3991055
Brent,18222,0.30237645
Brent,18454,0.5580406
Brent,18456,0.50645053
Brent,18644,0.4395602
Brent,18645,0.42800125
Brent,18904,0.51870126
Brent,18905,0.5254132
Brent,18906,0.51906544
Brent,18907,0.51362765
Brent,18908,0.4756601
Brent,18909,0.44745448
Brent,1933,0.35202307
Brent,20040,0.52480114
Brent,2060,0.3965029
Brent,20654,0.50445753
Brent,20794,0.40356442
Brent,20840,0.44458538
Brent,20994,0.39284432
Brent,20995,0.42177495
Brent,24280,0.44171873
Brent,2488,0.5207667
Brent,2489,0.57987076
Brent,2490,0.5892365
Brent,25066,0.38760614
Brent,25180,0.44228148
Brent,25181,0.44515994
Brent,25182,0.43060184
Brent,25331,0.5302164
Brent,25447,0.44012767
Brent,26241,0.43174097
Brent,26495,0.539975
Brent,26525,0.41376096
Brent,26526,0.43280923
Brent,26859,0.43495423
Brent,26932,0.35020962
Brent,26933,0.35320687
Brent,26934,0.43800193
Brent,26935,0.49332333
Brent,26936,0.539145
Brent,26937,0.5441729
Brent,26938,0.5340893
Brent,26939,0.53257877
Brent,26940,0.5329748
Brent,26941,0.57900727
Brent,26942,0.5430313
Brent,26943,0.5420731
Brent,26944,0.5231625
Brent,26945,0.52355736
Brent,26946,0.54086757
Brent,26947,0.5364784
Brent,26948,0.37105015
Brent,26949,0.40254378
Brent,26950,0.41607922
Brent,26951,0.4531455
Brent,26952,0.49352035
Brent,26953,0.48480955
Brent,26954,0.4234355
Brent,26955,0.43280628
Brent,27302,0.53243273
Brent,27565,0.32844576
Brent,27617,0.44140095
Brent,27618,0.44206217
Brent,2802,0.50671136
Brent,2805,0.49529538
Brent,2806,0.5703745
Brent,2807,0.45460373
Brent,2809,0.5297708
Brent,2810,0.51932657
Brent,2811,0.5188876
Brent,2814,0.5442382
Brent,2815,0.5808899
Brent,2817,0.5653201
Brent,2819,0.58301055
Brent,2821,0.48499683
Brent,2822,0.48178488
Brent,2823,0.37868297
Brent,2824,0.3676306
Brent,2825,0.44476303
Brent,2853,0.3855791
Brent,2854,0.4004569
Brent,28647,0.44637483
Brent,29010,0.43409586
Brent,29269,0.50748664
Brent,29382,0.54602426
Brent,29428,0.51280534
Brent,29492,0.3932192
Brent,2950,0.37095094
Brent,2953,0.49344093
Brent,2956,0.5084455
Brent,2957,0.5014
Brent,2958,0.46950373
Brent,2959,0.4893968
Brent,2960,0.4388594
Brent,2961,0.43787807
Brent,2962,0.46212626
Brent,2966,0.31941336
Brent,2967,0.31934127
Brent,2969,0.29134703
Brent,2973,0.4589222
Brent,2977,0.3984374
Brent,2983,0.4114576
Brent,2995,0.4262608
Brent,2996,0.48543078
Brent,2997,0.51052356
Brent,30,0.4879374
Brent,3188,0.3162245
Brent,3212,0.38532582
Brent,3213,0.3925724
Brent,3215,0.3697303
Brent,3223,0.3307538
Brent,3224,0.37941447
Brent,3262,0.44619787
Brent,3263,0.4402564
Brent,3265,0.41766617
Brent,3266,0.41970137
Brent,3267,0.39456123
Brent,3275,0.5186364
Brent,3277,0.5133422
Brent,3278,0.5039683
Brent,3282,0.44798332
Brent,3283,0.45637688
Brent,3285,0.37362447
Brent,3286,0.3811651
Brent,33215,0.33340418
Brent,33256,0.36006287
Brent,3390,0.55475044
Brent,3392,0.6882248
Brent,33935,0.5185464
Brent,33948,0.45975676
Brent,34105,0.40889964
Brent,34114,0.39768776
Brent,34186,0.36759716
Brent,34385,0.5268964
Brent,34756,0.44589683
Brent,34786,0.5084269
Brent,34787,0.47710222
Brent,34788,0.49774086
Brent,34795,0.5846151
Brent,34796,0.49585846
Brent,34797,0.48014933
Brent,34870,0.41548023
Brent,34913,0.33745202
Brent,35210,0.4457404
Brent,35359,0.46457332
Brent,35789,0.51094544
Brent,35790,0.51853067
Brent,35792,0.5320438
Brent,35793,0.5347632
Brent,35794,0.5270459
Brent,35795,0.51509535
Brent,36582,0.38455227
Brent,36754,0.611691
Brent,36755,0.6153706
Brent,36756,0.5964346
Brent,36757,0.59610045
Brent,36758,0.4724062
Brent,36759,0.47856238
Brent,36879,0.3630134
Brent,36880,0.37083015
Brent,3690,0.45398933
Brent,37012,0.52267295
Brent,37013,0.5451119
Brent,37014,0.5272631
Brent,37015,0.52787447
Brent,37016,0.57121766
Brent,37017,0.57154423
Brent,37018,0.58111906
Brent,37019,0.5423476
Brent,37020,0.56490207
Brent,37021,0.58077204
Brent,37022,0.5612792
Brent,37023,0.5811833
Brent,37024,0.5434859
Brent,37025,0.5792735
Brent,37026,0.5760876
Brent,37172,0.39125693
Brent,37253,0.5031049
Brent,37277,0.4630862
Brent,37278,0.45969984
Brent,37279,0.54056185
Brent,37280,0.5301365
Brent,37338,0.4631368
Brent,3821,0.41260862
Brent,38453,0.53514117
Brent,415,0.4063414
Brent,441,0.40653557
Brent,442,0.40798575
Brent,4590,0.3544024
Brent,4592,0.60659367
Brent,4684,0.39320493
Brent,4909,0.41564965
Brent,4910,0.44017464
Brent,4911,0.41108614
Brent,4912,0.3624908
Brent,4913,0.33593515
Brent,4920,0.45649117
Brent,595,0.3770318
Brent,6024,0.3488014
Brent,6025,0.37851927
Brent,6026,0.41244003
Brent,6029,0.46879885
Brent,6030,0.48068
Brent,6031,0.44429305
Brent,6038,0.33464342
Brent,6044,0.406702
Brent,6046,0.44751722
Brent,6064,0.41101873
Brent,6129,0.3332928
Brent,6130,0.33007246
Brent,7564,0.514558
Brent,7565,0.53221947
Brent,7732,0.402174
Brent,7733,0.41773358
Brent,7805,0.60689723
Brent,8408,0.4261986
Brent,91523,0.52897066
Brent,9369,0.5146046
Brent,9370,0.47498137
Brent,9371,0.446262
Brent,9373,0.47077787
Brent,9388,0.457645
Brent,9389,0.4576764
Brent,9401,0.47145584
Brent,9480,0.47481447
Brent,BP043,0.49897748
Brent,BP1019,0.5214329
Brent,BP1138,0.48158005
Brent,BP1280,0.6406956
Brent,BP1625,0.5380517
Brent,BP1651,0.34461144
Brent,BP1884,0.5293152
Brent,BP2310,0.45021957
Brent,BP2312,0.4433205
Brent,BP2313,0.50622237
Brent,BP2314,0.6162169
Brent,BP2315,0.58178574
Brent,BP2316,0.5640958
Brent,BP2317,0.5801765
Brent,BP2318,0.6165047
Brent,BP2319,0.5006488
Brent,BP2320,0.4455926
Brent,BP2396,0.55390364
Brent,BP2397,0.47944668
Brent,BP2398,0.59607095
Brent,BP3110,0.49489927
Brent,BP3391,0.6401868
Brent,BP3392,0.639897
Brent,BP3485,0.6112681
Brent,BP3486,0.60822767
Brent,BP3487,0.39658433
Brent,BP3488,0.3895099
Brent,BP3564,0.48656148
Brent,BP3565,0.5002778
Brent,BP4064,0.41252035
Brent,BP4266,0.36429083
Brent,BP4310,0.5375038
Brent,BP4385,0.6762167
Brent,BP4386,0.6948069
Brent,BP4387,0.7078795
Brent,BP4388,0.70789886
Brent,BP440,0.54175466
Brent,BP4421,0.69474745
Brent,BP4458,0.63200295
Brent,BP446,0.53151035
Brent,BP4510,0.5124725
Brent,BP4511,0.5090574
Brent,BP4512,0.45730934
Brent,BP4666,0.4242215
Brent,BP4882,0.5136284
Brent,BP4911,0.32720506
Brent,BP5165,0.491958
Brent,BP5168,0.46590456
Brent,BP5376,0.5018849
Brent,BP5399,0.7308992
Brent,BP5757,0.5281127
Brent,BP5948,0.29988855
Brent,BP5968,0.7066846
Brent,BP5984,0.5577958
Brent,BP5985,0.557797
Brent,BP6111,0.5400708
Brent,BP6112,0.38814628
Brent,BP6124,0.6467531
Brent,BP6150,0.4909774
Brent,BP6151,0.60625994
Brent,BP6152,0.4685832
Brent,BP6219,0.49321967
Brent,BP6263,0.57389843
Brent,BP6264,0.46993303
Brent,BP628,0.6069634
Brent,BP629,0.57884586
Brent,BP6293,0.5675714
Brent,BP630,0.5481577
Brent,BP631,0.6013639
Brent,BP6356,0.52238846
Brent,BP6357,0.48974162
Brent,BP6389,0.46409583
Brent,BP6506,0.60191894
Brent,BP6507,0.56234
Brent,BP820,0.40444803
Brent,BP831,0.40576977
Brent,BP924,0.5140468
Brent,BP971,0.55288386
Brent,BP972,0.5517615
Brent,BP982,0.5244883
Brent,C10,0.4428301
Brent,C12,0.54031014
Brent,C122,0.6672407
Brent,C13,0.57558113
Brent,C2,0.54041165
Brent,C3,0.5090516
Brent,C35,0.6426488
Brent,C4,0.51607764
Brent,C40,0.59088403
Brent,C5,0.47984818
Brent,C6,0.48140746
Brent,C7,0.55526197
Brent,C74,0.60102713
Brent,C8,0.56220317
Brent,C83,0.53753763
Brent,C85,0.4936744
Brent,C86,0.6188145
Brent,C9,0.40378767
Brent,CW15,0.5383522
Brent,CW16,0.5555446
Brent,CW43,0.5039943
Brent,CW44,0.55389404
Brent,CW45,0.5768212
Brent,CW59,0.47451124
Brent,CW60,0.47185808
Brent,CW61,0.47848883
Brent,M10,0.50653315
Brent,M11,0.40666166
Brent,M12,0.36083692
Brent,M13,0.39041898
Brent,M14,0.40541694
Brent,M15,0.505819
Brent,M20,0.57610047
Brent,M22,0.48511598
Brent,M23,0.43533736
Brent,M24,0.43422636
Brent,M25,0.5007751
Brent,M26,0.636975
Brent,R0255,0.50749475
Brent,R0268,0.34055838
Brent,R0316,0.48271468
Brent,R0359,0.5381538
Brent,R0361,0.57621557
Brent,R0402,0.5385273
Brent,R0488,0.52614456
Brent,R0492,0.49992347
Brent,R0657,0.48333693
Brent,15086,0.5361366
Brent,15087,0.5128633
Brent,15945,0.354065
Brent,16103,0.44689652
Brent,16563,0.5089803
Brent,16564,0.5055647
Brent,16868,0.35986537
Brent,17002,0.56471556
Brent,17008,0.44636363
Brent,17009,0.43608135
Brent,1934,0.33085313
Brent,20991,0.4071185
Brent,20992,0.39898083
Brent,20993,0.3901326
Brent,34184,0.5679153
Brent,34185,0.56677365
Brent,37230,0.44447204
Brent,6138,0.46692947
Brent,BP1386,0.5061816
Brent,BP208,0.5646105
Brent,BP209,0.58201355
Brent,BP2609,0.50837827
Brent,BP2610,0.5200108
Brent,BP4498,0.5039183
Brent,BP4969,0.45995346
Brent,BP4970,0.45822448
Brent,BP4971,0.45455062
Brent,BP5975,0.6254721
Brent,BP608,0.50834155
Brent,BP609,0.50552523
Brent,BP610,0.57158655
Brent,BP611,0.56623185
Brent,BP614,0.5403039
Brent,BP6338,0.50812024
Brent,R0266,0.4704818
Bromley,10690,0.46687436
Bromley,10694,0.34852216
Bromley,10705,0.44887248
Bromley,11331,0.33470124
Bromley,11332,0.34574708
Bromley,11752,0.2999979
Bromley,12207,0.40763202
Bromley,12208,0.4193012
Bromley,12239,0.39958778
Bromley,12240,0.40795124
Bromley,1242,0.34324723
Bromley,12442,0.43683308
Bromley,12444,0.412659
Bromley,12445,0.38304588
Bromley,13222,0.47815698
Bromley,13379,0.41286653
Bromley,13953,0.36507878
Bromley,14120,0.25958794
Bromley,14121,0.26040176
Bromley,14122,0.37323296
Bromley,14123,0.37160397
Bromley,14124,0.49041802
Bromley,14125,0.4921247
Bromley,1426,0.48887774
Bromley,1427,0.468323
Bromley,1428,0.45619446
Bromley,1429,0.43370435
Bromley,14342,0.42366785
Bromley,14430,0.30009145
Bromley,14459,0.5128345
Bromley,14732,0.27137047
Bromley,14733,0.23541644
Bromley,14739,0.49587592
Bromley,14976,0.4482514
Bromley,14978,0.38573754
Bromley,1521,0.39503086
Bromley,1522,0.38545892
Bromley,1523,0.4065451
Bromley,1524,0.3810725
Bromley,1603,0.3553534
Bromley,1604,0.3179006
Bromley,16642,0.32824853
Bromley,16646,0.32115576
Bromley,16647,0.31231648
Bromley,17321,0.4029059
Bromley,17323,0.42582178
Bromley,17326,0.4633628
Bromley,17327,0.46108237
Bromley,17402,0.44016415
Bromley,17403,0.38597366
Bromley,17405,0.4417877
Bromley,17406,0.47674647
Bromley,17407,0.48607633
Bromley,17408,0.46478355
Bromley,17409,0.4234099
Bromley,17410,0.38781598
Bromley,17411,0.3948433
Bromley,17412,0.3904282
Bromley,17413,0.38539082
Bromley,17414,0.35372794
Bromley,17415,0.36011878
Bromley,17419,0.2537951
Bromley,17420,0.25106823
Bromley,17421,0.2573247
Bromley,17422,0.26167226
Bromley,17423,0.297342
Bromley,17424,0.28108618
Bromley,17425,0.29491678
Bromley,17426,0.29032475
Bromley,17427,0.2654026
Bromley,17428,0.26501733
Bromley,17429,0.30262607
Bromley,17431,0.5394459
Bromley,17432,0.4928767
Bromley,17433,0.50883037
Bromley,17434,0.5307286
Bromley,17435,0.53296167
Bromley,17436,0.5367317
Bromley,17437,0.48177144
Bromley,17438,0.49708232
Bromley,17522,0.35302874
Bromley,17523,0.33457428
Bromley,17524,0.3651516
Bromley,17525,0.3915565
Bromley,17526,0.33967412
Bromley,17527,0.36894
Bromley,17528,0.26124462
Bromley,17529,0.31668934
Bromley,17530,0.28828055
Bromley,17531,0.2928115
Bromley,17532,0.25826386
Bromley,17534,0.24602777
Bromley,17535,0.24868403
Bromley,17536,0.360299
Bromley,17702,0.35975763
Bromley,17703,0.36054423
Bromley,17705,0.24282964
Bromley,17706,0.2727396
Bromley,17707,0.255839
Bromley,17708,0.41198727
Bromley,17709,0.41521114
Bromley,17710,0.40188554
Bromley,17711,0.3864105
Bromley,17712,0.3450299
Bromley,17713,0.3327643
Bromley,17714,0.41781414
Bromley,17715,0.40681133
Bromley,17716,0.43854767
Bromley,17717,0.43688092
Bromley,17789,0.30767572
Bromley,17790,0.32800275
Bromley,17791,0.35958368
Bromley,17792,0.34453487
Bromley,17793,0.3177282
Bromley,17794,0.31746158
Bromley,17797,0.26330033
Bromley,17798,0.27226797
Bromley,17799,0.2878929
Bromley,17802,0.30730027
Bromley,17803,0.2892526
Bromley,17804,0.2890033
Bromley,17805,0.29403576
Bromley,17806,0.29586062
Bromley,17807,0.27081886
Bromley,17808,0.26747343
Bromley,17809,0.2651693
Bromley,17810,0.25614765
Bromley,17811,0.262419
Bromley,17812,0.3864992
Bromley,17813,0.37515345
Bromley,17814,0.43343973
Bromley,17815,0.40607598
Bromley,17816,0.3804775
Bromley,17817,0.3735134
Bromley,17818,0.4116275
Bromley,17819,0.4418683
Bromley,18191,0.40071216
Bromley,18192,0.38388896
Bromley,18193,0.4071296
Bromley,18194,0.4458347
Bromley,18195,0.5191937
Bromley,18196,0.35657895
Bromley,18197,0.37944382
Bromley,18198,0.27740237
Bromley,18199,0.2557537
Bromley,18200,0.36561736
Bromley,18201,0.36516607
Bromley,18202,0.3265526
Bromley,18203,0.34153754
Bromley,18204,0.41644624
Bromley,18205,0.4508148
Bromley,18206,0.46009973
Bromley,18226,0.37933397
Bromley,18369,0.3834032
Bromley,18370,0.41170937
Bromley,18371,0.36952657
Bromley,18733,0.37512887
Bromley,18738,0.311888
Bromley,18739,0.29375213
Bromley,18785,0.30374694
Bromley,18786,0.32515812
Bromley,18787,0.31256822
Bromley,18788,0.40352607
Bromley,18789,0.40477717
Bromley,18791,0.42534107
Bromley,18792,0.4825512
Bromley,18794,0.45080698
Bromley,18795,0.44530362
Bromley,18796,0.4361277
Bromley,18894,0.52188396
Bromley,18942,0.379005
Bromley,18943,0.37765083
Bromley,18944,0.38659334
Bromley,18945,0.38539353
Bromley,18946,0.30691272
Bromley,18947,0.3021817
Bromley,18948,0.30366296
Bromley,18949,0.29706767
Bromley,18950,0.36401328
Bromley,18951,0.39126065
Bromley,18952,0.35614893
Bromley,18958,0.25243875
Bromley,18959,0.27317828
Bromley,18960,0.30136055
Bromley,18961,0.28108048
Bromley,18962,0.28596538
Bromley,18963,0.28947726
Bromley,18964,0.2741974
Bromley,18965,0.27536535
Bromley,18966,0.2808374
Bromley,18967,0.27649602
Bromley,18973,0.42293304
Bromley,18988,0.29305276
Bromley,18989,0.31645614
Bromley,18990,0.34061015
Bromley,18991,0.32698536
Bromley,18992,0.43860236
Bromley,18993,0.42652592
Bromley,18995,0.4197054
Bromley,18996,0.49854928
Bromley,18997,0.37124535
Bromley,18998,0.398381
Bromley,18999,0.37681493
Bromley,19000,0.37656978
Bromley,19001,0.39191887
Bromley,19002,0.46244958
Bromley,19004,0.2867387
Bromley,19005,0.29710013
Bromley,19006,0.37295514
Bromley,19007,0.30466965
Bromley,19008,0.3947348
Bromley,19009,0.39847887
Bromley,19010,0.3966204
Bromley,19011,0.39589462
Bromley,19020,0.36478308
Bromley,19024,0.5167353
Bromley,19025,0.53143466
Bromley,19028,0.41158882
Bromley,19029,0.4116735
Bromley,19037,0.30556992
Bromley,19038,0.32990456
Bromley,19276,0.3612424
Bromley,19277,0.36703858
Bromley,19342,0.29211757
Bromley,19566,0.25287405
Bromley,19675,0.28258434
Bromley,19695,0.3346155
Bromley,19696,0.33308306
Bromley,19697,0.34567252
Bromley,19700,0.42840588
Bromley,19701,0.36969066
Bromley,19702,0.31706887
Bromley,19703,0.3189769
Bromley,19704,0.35200107
Bromley,19705,0.35221887
Bromley,19706,0.25783294
Bromley,19707,0.26139152
Bromley,19729,0.35362312
Bromley,19732,0.39272374
Bromley,19733,0.37816176
Bromley,19734,0.39814883
Bromley,19735,0.3839106
Bromley,19736,0.37876305
Bromley,19737,0.36556268
Bromley,19738,0.31023565
Bromley,19739,0.31004193
Bromley,19740,0.29624918
Bromley,19741,0.29598296
Bromley,19742,0.27220574
Bromley,19744,0.30047372
Bromley,19745,0.29414555
Bromley,19747,0.29692692
Bromley,19748,0.32320037
Bromley,19749,0.32356033
Bromley,19750,0.37503943
Bromley,19751,0.4415819
Bromley,19755,0.36810187
Bromley,19756,0.3194941
Bromley,19757,0.31887233
Bromley,19758,0.31888157
Bromley,19759,0.2616228
Bromley,19760,0.2756652
Bromley,19761,0.3948687
Bromley,19762,0.38082448
Bromley,19763,0.4086134
Bromley,19764,0.41895497
Bromley,19765,0.4260886
Bromley,19766,0.45134053
Bromley,19767,0.35562995
Bromley,19768,0.3734928
Bromley,19769,0.37589446
Bromley,19770,0.43291625
Bromley,19771,0.4351252
Bromley,19772,0.44624498
Bromley,19773,0.35336465
Bromley,19774,0.26917776
Bromley,19775,0.354545
Bromley,19776,0.269884
Bromley,19777,0.26958543
Bromley,19778,0.33639166
Bromley,19779,0.33483058
Bromley,19780,0.37585235
Bromley,19781,0.41505355
Bromley,19782,0.4462444
Bromley,19783,0.43831673
Bromley,19918,0.3383913
Bromley,20099,0.32187828
Bromley,20131,0.23463136
Bromley,20132,0.31181934
Bromley,20133,0.31563777
Bromley,20159,0.3978091
Bromley,20160,0.4284152
Bromley,20170,0.34224913
Bromley,20172,0.31621674
Bromley,20402,0.32371214
Bromley,20403,0.3333231
Bromley,20466,0.2929923
Bromley,20467,0.2921885
Bromley,20588,0.26908138
Bromley,20691,0.4238956
Bromley,20692,0.43126327
Bromley,20716,0.5606608
Bromley,20750,0.35070142
Bromley,20836,0.30190262
Bromley,20837,0.38989145
Bromley,20914,0.30441436
Bromley,20915,0.3228217
Bromley,20979,0.4866692
Bromley,20980,0.37385875
Bromley,20981,0.3806855
Bromley,2128,0.41274127
Bromley,2131,0.4673867
Bromley,21529,0.32328314
Bromley,21558,0.45118672
Bromley,22398,0.39302254
Bromley,24135,0.4160901
Bromley,24843,0.30109638
Bromley,24961,0.30492362
Bromley,25115,0.35157007
Bromley,25271,0.41299292
Bromley,25272,0.41603234
Bromley,25282,0.23570429
Bromley,25288,0.29481146
Bromley,25289,0.30384752
Bromley,25371,0.310767
Bromley,25372,0.30200362
Bromley,25373,0.3054688
Bromley,25374,0.3060692
Bromley,25375,0.30353087
Bromley,25376,0.30093795
Bromley,25472,0.3250103
Bromley,25959,0.30058694
Bromley,25960,0.30950007
Bromley,26124,0.3040799
Bromley,26125,0.28742763
Bromley,26126,0.29731518
Bromley,26127,0.30761757
Bromley,26128,0.33659104
Bromley,26129,0.3447951
Bromley,26130,0.33512175
Bromley,26131,0.32249835
Bromley,26132,0.3210456
Bromley,26133,0.3430959
Bromley,26134,0.3749108
Bromley,26136,0.39310086
Bromley,26137,0.3738028
Bromley,26138,0.37537718
Bromley,26139,0.4169946
Bromley,26140,0.38378078
Bromley,26141,0.40155333
Bromley,26142,0.41498107
Bromley,26143,0.45908868
Bromley,26906,0.28249824
Bromley,26907,0.2928722
Bromley,26908,0.29053357
Bromley,26909,0.4357204
Bromley,26910,0.47029886
Bromley,26911,0.4556224
Bromley,26912,0.45479888
Bromley,26914,0.31572384
Bromley,26915,0.30200827
Bromley,26920,0.28146422
Bromley,26922,0.3491331
Bromley,26923,0.25272426
Bromley,26924,0.471042
Bromley,26925,0.45254335
Bromley,26926,0.48430565
Bromley,26927,0.49629304
Bromley,26965,0.37515005
Bromley,26966,0.38178247
Bromley,26994,0.42407718
Bromley,27556,0.32720375
Bromley,27557,0.33602422
Bromley,27601,0.33298954
Bromley,27602,0.19854115
Bromley,27603,0.22882098
Bromley,27604,0.2554738
Bromley,27605,0.22680952
Bromley,27606,0.42065594
Bromley,27612,0.2870201
Bromley,27732,0.29075795
Bromley,27733,0.28109905
Bromley,27780,0.39139086
Bromley,27850,0.3592967
Bromley,27955,0.33760554
Bromley,27956,0.33773685
Bromley,27957,0.3654965
Bromley,27961,0.36888692
Bromley,27962,0.294176
Bromley,28146,0.28562677
Bromley,28147,0.27351618
Bromley,28770,0.3092269
Bromley,28771,0.30965155
Bromley,28772,0.36635432
Bromley,29841,0.38265097
Bromley,30011,0.4147699
Bromley,30012,0.45748734
Bromley,31173,0.45139843
Bromley,31250,0.37619263
Bromley,31326,0.40671352
Bromley,31327,0.3938747
Bromley,3231,0.3349651
Bromley,33144,0.47963586
Bromley,33221,0.43029156
Bromley,33222,0.42859146
Bromley,33223,0.40161917
Bromley,33224,0.43891773
Bromley,33225,0.34333837
Bromley,33226,0.322507
Bromley,33227,0.32267612
Bromley,33228,0.3225274
Bromley,33229,0.36533827
Bromley,33230,0.33956257
Bromley,33231,0.3124572
Bromley,33313,0.29668152
Bromley,33726,0.4179642
Bromley,33842,0.4529938
Bromley,34256,0.34638077
Bromley,34271,0.2963468
Bromley,34272,0.4348062
Bromley,34273,0.43901893
Bromley,34274,0.37653676
Bromley,34275,0.41144916
Bromley,34276,0.29443392
Bromley,34698,0.50446254
Bromley,35033,0.23864189
Bromley,35572,0.42056155
Bromley,35670,0.35990742
Bromley,35743,0.40489846
Bromley,3619,0.34732196
Bromley,36645,0.38864702
Bromley,36646,0.41803345
Bromley,36951,0.5012886
Bromley,36953,0.49248272
Bromley,37087,0.47463936
Bromley,37346,0.41474846
Bromley,37348,0.48698258
Bromley,37350,0.29906142
Bromley,37351,0.4230361
Bromley,37359,0.4003858
Bromley,3911,0.36365774
Bromley,3912,0.34332308
Bromley,3922,0.29778948
Bromley,3923,0.297646
Bromley,3924,0.3472682
Bromley,40060,0.3748601
Bromley,40105,0.48620906
Bromley,40106,0.49274516
Bromley,40107,0.48652333
Bromley,40118,0.39943728
Bromley,40119,0.3542512
Bromley,40120,0.28505027
Bromley,40121,0.29651472
Bromley,40122,0.28734928
Bromley,40123,0.3073638
Bromley,40124,0.2729234
Bromley,40125,0.26041117
Bromley,40126,0.26202434
Bromley,40130,0.28990227
Bromley,40131,0.2456011
Bromley,40132,0.2270273
Bromley,40133,0.24178292
Bromley,40134,0.23041289
Bromley,40135,0.26001504
Bromley,40136,0.2611212
Bromley,40137,0.23640129
Bromley,40139,0.25598085
Bromley,40140,0.28022867
Bromley,40141,0.26490813
Bromley,40142,0.26732162
Bromley,40143,0.2599906
Bromley,40144,0.2606743
Bromley,40145,0.2359007
Bromley,40146,0.23475438
Bromley,40147,0.2914858
Bromley,40148,0.28957057
Bromley,40149,0.34088707
Bromley,40150,0.30562103
Bromley,40151,0.406192
Bromley,40152,0.39206573
Bromley,40153,0.3331876
Bromley,40154,0.31912142
Bromley,40155,0.25289842
Bromley,40156,0.25576898
Bromley,40157,0.2554497
Bromley,40158,0.25130388
Bromley,40159,0.25389415
Bromley,40162,0.2584077
Bromley,40163,0.3577696
Bromley,40164,0.40009752
Bromley,40165,0.3625657
Bromley,40166,0.29819393
Bromley,40167,0.29321852
Bromley,40168,0.2812895
Bromley,40169,0.2991969
Bromley,40170,0.31044924
Bromley,40171,0.25220856
Bromley,40172,0.2299532
Bromley,40173,0.2993264
Bromley,40174,0.28050244
Bromley,40175,0.29407784
Bromley,40176,0.27070013
Bromley,40178,0.2951972
Bromley,40188,0.3822127
Bromley,40189,0.3691419
Bromley,40190,0.36202535
Bromley,40191,0.30864328
Bromley,40192,0.2690373
Bromley,40193,0.36768594
Bromley,40196,0.40403092
Bromley,40197,0.39957264
Bromley,40198,0.30560207
Bromley,40199,0.30005884
Bromley,40201,0.3152717
Bromley,40202,0.29749462
Bromley,40207,0.4101216
Bromley,40208,0.36360365
Bromley,40209,0.38692227
Bromley,40210,0.38920277
Bromley,40211,0.41482502
Bromley,40212,0.40461478
Bromley,40213,0.40008104
Bromley,40214,0.39641637
Bromley,40223,0.3683293
Bromley,40224,0.47089806
Bromley,40225,0.3013909
Bromley,40232,0.4484599
Bromley,40233,0.37392014
Bromley,40236,0.5009589
Bromley,40237,0.36923587
Bromley,40238,0.27945656
Bromley,40239,0.30329517
Bromley,40240,0.31098062
Bromley,40241,0.3163287
Bromley,40242,0.311642
Bromley,40243,0.31606168
Bromley,40244,0.36626697
Bromley,40245,0.28340513
Bromley,40250,0.37422252
Bromley,40251,0.41622928
Bromley,4074,0.42889732
Bromley,4075,0.4166314
Bromley,4083,0.3662895
Bromley,43011,0.29821306
Bromley,43015,0.43861935
Bromley,4783,0.4273023
Bromley,6560,0.35569778
Bromley,6561,0.3457067
Bromley,6580,0.33522457
Bromley,6581,0.3895044
Bromley,6582,0.34727916
Bromley,6587,0.37195733
Bromley,6593,0.47546268
Bromley,6594,0.35718352
Bromley,6595,0.35017088
Bromley,6599,0.4691546
Bromley,6601,0.36287722
Bromley,6602,0.39672998
Bromley,7722,0.38662538
Bromley,7723,0.36112168
Bromley,8204,0.38418552
Bromley,8239,0.38127092
Bromley,9350,0.34167725
Bromley,9470,0.3814838
Bromley,9471,0.3812177
Bromley,975,0.46438095
Bromley,BP013,0.28263327
Bromley,BP014,0.2955291
Bromley,BP056,0.52079123
Bromley,BP087,0.4245302
Bromley,BP1026,0.4452078
Bromley,BP1028,0.45700336
Bromley,BP1096,0.23368606
Bromley,BP1160,0.46149138
Bromley,BP1161,0.46226105
Bromley,BP1162,0.28941944
Bromley,BP1163,0.2902836
Bromley,BP1164,0.2934506
Bromley,BP1228,0.294105
Bromley,BP1238,0.3324346
Bromley,BP1239,0.52677786
Bromley,BP1240,0.5314039
Bromley,BP1241,0.5316237
Bromley,BP1242,0.5225026
Bromley,BP1243,0.43947002
Bromley,BP1244,0.33292896
Bromley,BP1246,0.38371876
Bromley,BP1247,0.33227643
Bromley,BP1248,0.25797886
Bromley,BP1249,0.2932837
Bromley,BP1250,0.30578065
Bromley,BP1253,0.2942511
Bromley,BP1254,0.3402033
Bromley,BP1255,0.42701018
Bromley,BP1294,0.4338158
Bromley,BP1321,0.25924644
Bromley,BP1341,0.27293968
Bromley,BP1342,0.3851251
Bromley,BP1343,0.34621856
Bromley,BP1348,0.31304926
Bromley,BP136,0.4267768
Bromley,BP139,0.43536538
Bromley,BP142,0.4327909
Bromley,BP1457,0.25323683
Bromley,BP1458,0.3070289
Bromley,BP1459,0.2766275
Bromley,BP1460,0.24570219
Bromley,BP166,0.27180293
Bromley,BP1681,0.5097976
Bromley,BP2030,0.35793313
Bromley,BP2031,0.29326543
Bromley,BP2032,0.26318386
Bromley,BP2033,0.32923335
Bromley,BP2034,0.32926482
Bromley,BP2035,0.28715923
Bromley,BP2036,0.32956535
Bromley,BP2039,0.3409787
Bromley,BP2040,0.33622634
Bromley,BP2041,0.30126128
Bromley,BP2042,0.25457606
Bromley,BP2049,0.34229237
Bromley,BP2050,0.3357458
Bromley,BP2051,0.26201117
Bromley,BP210,0.44570166
Bromley,BP2185,0.39429075
Bromley,BP2186,0.39793205
Bromley,BP2187,0.36849862
Bromley,BP2188,0.35853624
Bromley,BP2189,0.3585307
Bromley,BP2190,0.43242455
Bromley,BP2191,0.4283592
Bromley,BP2192,0.42640615
Bromley,BP2193,0.42382094
Bromley,BP2194,0.39478523
Bromley,BP2195,0.5044592
Bromley,BP2196,0.5042693
Bromley,BP2197,0.49451545
Bromley,BP2199,0.47041184
Bromley,BP2201,0.48801666
Bromley,BP2202,0.4694541
Bromley,BP2203,0.49575168
Bromley,BP2204,0.30684328
Bromley,BP2205,0.3059669
Bromley,BP2212,0.3855975
Bromley,BP2213,0.38462508
Bromley,BP2214,0.32607588
Bromley,BP2215,0.3305456
Bromley,BP2216,0.3357254
Bromley,BP2217,0.30751395
Bromley,BP2218,0.35600227
Bromley,BP2220,0.35526055
Bromley,BP2221,0.36457765
Bromley,BP2222,0.311462
Bromley,BP2223,0.3034117
Bromley,BP2224,0.41794327
Bromley,BP2225,0.42198396
Bromley,BP2226,0.34667096
Bromley,BP2227,0.37888244
Bromley,BP2229,0.35718867
Bromley,BP2230,0.31804913
Bromley,BP2231,0.31777138
Bromley,BP2232,0.2912265
Bromley,BP2233,0.30357513
Bromley,BP2234,0.30276045
Bromley,BP2235,0.31914058
Bromley,BP2236,0.311391
Bromley,BP2237,0.3186014
Bromley,BP2238,0.32232225
Bromley,BP2239,0.3170542
Bromley,BP2240,0.28258613
Bromley,BP2258,0.3188495
Bromley,BP2286,0.2524568
Bromley,BP2287,0.40099114
Bromley,BP2288,0.38169634
Bromley,BP2289,0.274979
Bromley,BP2290,0.2959233
Bromley,BP2291,0.28367808
Bromley,BP2292,0.27232677
Bromley,BP2293,0.38093925
Bromley,BP2294,0.372792
Bromley,BP2381,0.30863965
Bromley,BP2403,0.40061948
Bromley,BP2404,0.40108567
Bromley,BP2541,0.48759547
Bromley,BP2542,0.45201766
Bromley,BP2543,0.4188161
Bromley,BP2544,0.48984092
Bromley,BP2553,0.42843294
Bromley,BP2554,0.39041057
Bromley,BP2707,0.32323617
Bromley,BP2708,0.3146082
Bromley,BP2709,0.29402605
Bromley,BP2710,0.32243106
Bromley,BP2711,0.32222733
Bromley,BP2712,0.3069757
Bromley,BP2713,0.31742
Bromley,BP2714,0.3063226
Bromley,BP2760,0.373287
Bromley,BP2837,0.33405933
Bromley,BP2838,0.2878224
Bromley,BP2839,0.28850466
Bromley,BP2840,0.34125534
Bromley,BP2841,0.33723754
Bromley,BP2842,0.28821298
Bromley,BP2843,0.32258627
Bromley,BP2844,0.32261837
Bromley,BP2869,0.31217474
Bromley,BP2870,0.30572516
Bromley,BP2871,0.41133168
Bromley,BP2872,0.28735206
Bromley,BP2873,0.2925624
Bromley,BP2874,0.39363587
Bromley,BP2875,0.308849
Bromley,BP2876,0.30955538
Bromley,BP2877,0.38409492
Bromley,BP2878,0.37645888
Bromley,BP2879,0.2948773
Bromley,BP2880,0.26075026
Bromley,BP2881,0.29971576
Bromley,BP2882,0.3383461
Bromley,BP2883,0.2824439
Bromley,BP2884,0.30302835
Bromley,BP2885,0.3072456
Bromley,BP2886,0.33561844
Bromley,BP2896,0.2902165
Bromley,BP2998,0.444411
Bromley,BP2999,0.38260847
Bromley,BP3000,0.3327575
Bromley,BP3001,0.30881396
Bromley,BP3002,0.29032412
Bromley,BP3003,0.2738609
Bromley,BP3004,0.3130845
Bromley,BP3005,0.3265442
Bromley,BP3006,0.40386748
Bromley,BP3007,0.31337842
Bromley,BP3008,0.27422237
Bromley,BP3009,0.2740614
Bromley,BP3010,0.29807502
Bromley,BP3011,0.3073598
Bromley,BP3012,0.3322074
Bromley,BP3233,0.41614577
Bromley,BP3234,0.4171945
Bromley,BP3235,0.38708058
Bromley,BP3237,0.41118374
Bromley,BP3238,0.48060134
Bromley,BP3239,0.3920672
Bromley,BP3240,0.3474924
Bromley,BP3241,0.2693227
Bromley,BP3242,0.26875177
Bromley,BP3243,0.31785893
Bromley,BP3244,0.2983967
Bromley,BP3288,0.293547
Bromley,BP3303,0.2886323
Bromley,BP3336,0.39280814
Bromley,BP3337,0.37572813
Bromley,BP3338,0.38438606
Bromley,BP3339,0.40054655
Bromley,BP3340,0.34118623
Bromley,BP3341,0.34070846
Bromley,BP3343,0.45967272
Bromley,BP3470,0.37880045
Bromley,BP3471,0.33969122
Bromley,BP3495,0.29346693
Bromley,BP3496,0.29781255
Bromley,BP3562,0.26266015
Bromley,BP3680,0.30045784
Bromley,BP3690,0.37958843
Bromley,BP3694,0.3795547
Bromley,BP3992,0.39223328
Bromley,BP3993,0.40552354
Bromley,BP3994,0.39308536
Bromley,BP3995,0.3905925
Bromley,BP3996,0.3969026
Bromley,BP3997,0.43502736
Bromley,BP3998,0.2952567
Bromley,BP3999,0.2643509
Bromley,BP4000,0.38002074
Bromley,BP4001,0.37305477
Bromley,BP4003,0.44592422
Bromley,BP4004,0.4513708
Bromley,BP4005,0.37695718
Bromley,BP4006,0.36760193
Bromley,BP4007,0.32351145
Bromley,BP4008,0.3171404
Bromley,BP4009,0.31064105
Bromley,BP4010,0.31111825
Bromley,BP4011,0.28344882
Bromley,BP4012,0.27815953
Bromley,BP4014,0.27842483
Bromley,BP4015,0.2957871
Bromley,BP4016,0.28412208
Bromley,BP4017,0.26414126
Bromley,BP4018,0.26264417
Bromley,BP4019,0.2776707
Bromley,BP4020,0.4164377
Bromley,BP4021,0.4120832
Bromley,BP4022,0.3554743
Bromley,BP4023,0.3557062
Bromley,BP4024,0.3451049
Bromley,BP4025,0.3298848
Bromley,BP4026,0.35648826
Bromley,BP4027,0.3539794
Bromley,BP4028,0.35415807
Bromley,BP4029,0.35672078
Bromley,BP4030,0.31370375
Bromley,BP4031,0.29644084
Bromley,BP4032,0.36163965
Bromley,BP4033,0.32873416
Bromley,BP4034,0.32776496
Bromley,BP4035,0.31500623
Bromley,BP4036,0.2566485
Bromley,BP4037,0.2576199
Bromley,BP4038,0.34367016
Bromley,BP4039,0.34157455
Bromley,BP4040,0.446086
Bromley,BP4041,0.4479112
Bromley,BP4094,0.39316788
Bromley,BP4126,0.39379084
Bromley,BP4129,0.26487
Bromley,BP4131,0.26343086
Bromley,BP4132,0.27146614
Bromley,BP4133,0.26079714
Bromley,BP4134,0.27000743
Bromley,BP4136,0.3448113
Bromley,BP4137,0.44575438
Bromley,BP4138,0.428201
Bromley,BP4139,0.28718132
Bromley,BP4140,0.28136432
Bromley,BP4141,0.3985046
Bromley,BP4142,0.39844495
Bromley,BP4143,0.39478716
Bromley,BP4144,0.39506862
Bromley,BP4145,0.42079353
Bromley,BP4146,0.4212194
Bromley,BP4147,0.39674023
Bromley,BP4148,0.39942637
Bromley,BP4149,0.43269002
Bromley,BP4150,0.3806655
Bromley,BP4151,0.39154342
Bromley,BP4152,0.26620513
Bromley,BP4153,0.2646464
Bromley,BP4155,0.29083022
Bromley,BP4183,0.31154686
Bromley,BP4192,0.27672765
Bromley,BP4209,0.2757796
Bromley,BP4210,0.39336598
Bromley,BP4315,0.34854713
Bromley,BP4332,0.38181567
Bromley,BP4333,0.36398184
Bromley,BP4341,0.34977886
Bromley,BP4357,0.28768727
Bromley,BP4394,0.3616922
Bromley,BP4395,0.3348782
Bromley,BP4422,0.4973505
Bromley,BP4423,0.49843967
Bromley,BP4424,0.29460052
Bromley,BP4433,0.415394
Bromley,BP4434,0.32865828
Bromley,BP4435,0.3162093
Bromley,BP4440,0.30833125
Bromley,BP4441,0.30119807
Bromley,BP4442,0.3017978
Bromley,BP4443,0.30623683
Bromley,BP4444,0.30776256
Bromley,BP4445,0.3304137
Bromley,BP4446,0.30681676
Bromley,BP4447,0.34616545
Bromley,BP4448,0.34311357
Bromley,BP4449,0.32093996
Bromley,BP4450,0.32450548
Bromley,BP4451,0.32102528
Bromley,BP4452,0.32119486
Bromley,BP4453,0.34303713
Bromley,BP4454,0.34624323
Bromley,BP4455,0.30715698
Bromley,BP4456,0.41724354
Bromley,BP4488,0.34299225
Bromley,BP4616,0.33765072
Bromley,BP4868,0.37236047
Bromley,BP4964,0.3821088
Bromley,BP5182,0.26652476
Bromley,BP5306,0.3005419
Bromley,BP5435,0.27665016
Bromley,BP5436,0.32108834
Bromley,BP5437,0.30077422
Bromley,BP5438,0.29935375
Bromley,BP5439,0.29823726
Bromley,BP5440,0.30652434
Bromley,BP5555,0.477604
Bromley,BP5556,0.47813544
Bromley,BP5873,0.49813268
Bromley,BP5874,0.49979803
Bromley,BP596,0.28109196
Bromley,BP597,0.26258752
Bromley,BP598,0.2623642
Bromley,BP6023,0.20790182
Bromley,BP6146,0.41638678
Bromley,BP6147,0.4522313
Bromley,BP6148,0.37343967
Bromley,BP6156,0.41082203
Bromley,BP6183,0.29289
Bromley,BP6184,0.30385113
Bromley,BP6185,0.30408967
Bromley,BP6187,0.24781139
Bromley,BP6188,0.27277616
Bromley,BP6189,0.31536838
Bromley,BP6190,0.3395638
Bromley,BP6191,0.3150782
Bromley,BP6192,0.33268133
Bromley,BP6193,0.36193144
Bromley,BP6203,0.28055808
Bromley,BP6204,0.2640933
Bromley,BP6214,0.2790246
Bromley,BP6215,0.2850106
Bromley,BP6292,0.26783243
Bromley,BP646,0.29562977
Bromley,BP649,0.30663145
Bromley,BP650,0.38131323
Bromley,BP671,0.48537534
Bromley,BP691,0.34049076
Bromley,BP692,0.26551166
Bromley,BP693,0.30172384
Bromley,BP694,0.3163469
Bromley,BP695,0.35934293
Bromley,BP696,0.3538616
Bromley,BP697,0.34111515
Bromley,BP699,0.2973884
Bromley,BP700,0.3126859
Bromley,BP701,0.33093596
Bromley,BP702,0.3302576
Bromley,BP703,0.34847465
Bromley,BP704,0.35699725
Bromley,BP705,0.34103525
Bromley,BP706,0.2694729
Bromley,BP707,0.2688282
Bromley,BP708,0.23950557
Bromley,BP710,0.34480694
Bromley,BP711,0.40797773
Bromley,BP712,0.42564982
Bromley,BP713,0.4298352
Bromley,BP714,0.24951285
Bromley,BP715,0.26644933
Bromley,BP732,0.31577465
Bromley,BP733,0.2645735
Bromley,BP734,0.3983297
Bromley,BP792,0.33877575
Bromley,BP793,0.3217069
Bromley,BP794,0.3298976
Bromley,BP795,0.31248215
Bromley,BP796,0.24910104
Bromley,BP797,0.3127751
Bromley,BP798,0.24280281
Bromley,BP799,0.25529236
Bromley,BP800,0.32978553
Bromley,BP801,0.29429504
Bromley,BP802,0.2955348
Bromley,BP803,0.26023626
Bromley,BP806,0.32659256
Bromley,BP807,0.31266648
Bromley,BP810,0.37535948
Bromley,BP811,0.3788423
Bromley,BP847,0.46297926
Bromley,HC13,0.34778365
Bromley,HC190,0.41777825
Bromley,HC191,0.2912123
Bromley,HC192,0.43392712
Bromley,HC270,0.244838
Bromley,HC271,0.2699474
Bromley,HC272,0.21715079
Bromley,HC275,0.24529684
Bromley,HC276,0.3194395
Bromley,HC277,0.2856685
Bromley,HC278,0.23801148
Bromley,HC419,0.3267414
Bromley,HC420,0.3149486
Bromley,HC421,0.29230958
Bromley,HC422,0.26164475
Bromley,HC423,0.26139182
Bromley,HC424,0.3457423
Bromley,HC425,0.38280413
Bromley,HC426,0.36976448
Bromley,HC427,0.42713
Bromley,HC428,0.39272106
Bromley,HC429,0.4336643
Bromley,HC430,0.43245187
Bromley,HC431,0.45133904
Bromley,HC432,0.43262324
Bromley,HC433,0.37631115
Bromley,HC434,0.370966
Bromley,HC435,0.29655087
Bromley,HC436,0.34231192
Bromley,HC438,0.3266743
Bromley,HC439,0.34543377
Bromley,HC441,0.2985582
Bromley,HC442,0.29565382
Bromley,HC443,0.29743183
Bromley,HC444,0.29444304
Bromley,HC445,0.31973663
Bromley,HC446,0.31690064
Bromley,HC447,0.3103095
Bromley,HC448,0.31193563
Bromley,HC449,0.3013558
Bromley,HC450,0.29676417
Bromley,HC451,0.36003315
Bromley,HC452,0.31744912
Bromley,HC453,0.40198717
Bromley,HC454,0.38721803
Bromley,HC455,0.43469095
Bromley,HC456,0.40937212
Bromley,HC457,0.41187716
Bromley,HC458,0.4088803
Bromley,HC459,0.4135657
Bromley,HC494,0.3615644
Bromley,HC495,0.31086248
Bromley,HC496,0.3134999
Bromley,HC497,0.30796403
Bromley,HC498,0.30273366
Bromley,HC499,0.28533137
Bromley,HC500,0.27764434
Bromley,HC524,0.281674
Bromley,HC526,0.29589587
Bromley,HC528,0.32079473
Bromley,HC53,0.3560658
Bromley,HC530,0.31893006
Bromley,HC531,0.28357086
Bromley,HC532,0.31273797
Bromley,HC533,0.29525605
Bromley,HC534,0.28089648
Bromley,HC535,0.3155367
Bromley,HC536,0.27608773
Bromley,HC537,0.32756826
Bromley,HC538,0.26857352
Bromley,HC539,0.32766998
Bromley,HC540,0.27172178
Bromley,HC541,0.3230817
Bromley,HC542,0.27946407
Bromley,HC543,0.29304904
Bromley,HC544,0.2999549
Bromley,HC545,0.28455773
Bromley,HC546,0.3750341
Bromley,HC547,0.28781378
Bromley,HC548,0.3018068
Bromley,HC549,0.32838458
Bromley,HC550,0.40046954
Bromley,HC611,0.38106075
Bromley,HC612,0.27868438
Bromley,HC613,0.28010732
Bromley,HC614,0.2789688
Bromley,HC615,0.28175765
Bromley,HC616,0.2826971
Bromley,HC618,0.2506498
Bromley,HC620,0.25890583
Bromley,HC621,0.27594885
Bromley,HC622,0.27675974
Bromley,HC623,0.27376577
Bromley,HC624,0.29141432
Bromley,HC626,0.28021538
Bromley,HC627,0.26906013
Bromley,HC628,0.2899551
Bromley,HC629,0.2767261
Bromley,HC630,0.27291968
Bromley,HC8,0.30280674
Bromley,HC9,0.34582683
Bromley,OC534,0.49837938
Bromley,OC535,0.3071394
Bromley,OC536,0.41559026
Bromley,OC537,0.24897881
Bromley,OC539,0.2446513
Bromley,OC542,0.29547855
Bromley,OC543,0.29692462
Bromley,OC544,0.2783589
Bromley,OC547,0.27628815
Bromley,OC548,0.2630337
Bromley,OC549,0.2563723
Bromley,OC551,0.31439152
Bromley,OC552,0.40532362
Bromley,OC553,0.38690105
Bromley,OC557,0.38301876
Bromley,OC558,0.381391
Bromley,OC559,0.27179217
Bromley,OC560,0.3047441
Bromley,OC561,0.26510102
Bromley,OC562,0.26591966
Bromley,OC563,0.29970795
Bromley,OC564,0.3038773
Bromley,OC565,0.33784476
Bromley,OC579,0.33376294
Bromley,OC756,0.27241024
Bromley,OC757,0.30884203
Bromley,OC758,0.36816603
Bromley,OC759,0.3692197
Bromley,OC760,0.38546175
Bromley,OC761,0.39075038
Bromley,OC762,0.38153425
Bromley,OC768,0.2652867
Bromley,OC770,0.26349047
Bromley,OC771,0.25001416
Bromley,OC772,0.25093064
Bromley,OC774,0.26483065
Bromley,OC776,0.26060787
Bromley,OC777,0.24875735
Bromley,OC779,0.26098204
Bromley,OC780,0.44917038
Bromley,OC783,0.4079886
Bromley,OC784,0.33342248
Bromley,OC787,0.33246896
Bromley,OC789,0.33654886
Bromley,OC816,0.31491455
Bromley,OC818,0.29343694
Bromley,OC819,0.36258617
Bromley,OC820,0.4102151
Bromley,OC822,0.2954542
Bromley,OC947,0.33127698
Bromley,OC948,0.36929667
Bromley,OC949,0.4107427
Bromley,OC969,0.20239516
Bromley,OC970,0.28837958
Bromley,OC971,0.43330312
Bromley,OC974,0.4238975
Bromley,R0388,0.2981323
Bromley,R0389,0.3767614
Bromley,R0392,0.2739856
Bromley,R0393,0.33690494
Bromley,R0394,0.41429013
Bromley,R0395,0.33903235
Bromley,R0396,0.2973843
Bromley,R0397,0.43458706
Bromley,R0398,0.33938617
Bromley,R0405,0.4911232
Bromley,R0416,0.2775327
Bromley,R0501,0.36197516
Bromley,R0504,0.42482427
Bromley,R0507,0.23361343
Bromley,R0509,0.5018296
Bromley,R0512,0.23673919
Bromley,R0514,0.4375925
Bromley,R0516,0.27504653
Bromley,R0517,0.36672917
Bromley,R0520,0.43599543
Bromley,R0528,0.36672097
Bromley,R0551,0.3371741
Bromley,R0553,0.37597585
Bromley,R0557,0.39155617
Bromley,R0599,0.35215
Bromley,R0600,0.331776
Bromley,R0602,0.30349183
Bromley,R0603,0.30615768
Bromley,R0604,0.2941721
Bromley,R0605,0.28982294
Bromley,R0606,0.2885481
Bromley,R0608,0.352342
Bromley,R0611,0.45152575
Bromley,R0612,0.45525634
Bromley,R0613,0.31428623
Bromley,R0614,0.31006512
Bromley,R0615,0.4506264
Bromley,R0664,0.30413508
Bromley,R0775,0.42490482
Bromley,R0776,0.41879764
Bromley,R0777,0.29544964
Bromley,R0778,0.33307242
Bromley,R0783,0.2807471
Bromley,R0859,0.25770074
Bromley,R0860,0.4912173
Bromley,R0882,0.49717772
Bromley,R0891,0.2965219
Bromley,R0903,0.3981074
Bromley,R0904,0.31293774
Bromley,R0905,0.28227472
Bromley,19752,0.5394751
Bromley,20813,0.43873033
Bromley,27519,0.47852027
Bromley,6589,0.43608645
Bromley,6915,0.49247676
Bromley,BP041,0.49917832
Bromley,BP042,0.4981141
Bromley,BP053,0.5154624
Bromley,BP054,0.4718594
Bromley,BP055,0.46403432
